Number_of_Riders,Number_of_Drivers,Number_of_Past_Rides,Average_Ratings,Vehicle_Type,Expected_Ride_Duration,Historical_Cost_of_Ride,Location_Category_Rural,Location_Category_Suburban,Location_Category_Urban,Customer_Loyalty_Status_Gold,Customer_Loyalty_Status_Regular,Customer_Loyalty_Status_Silver,Time_of_Booking_Afternoon,Time_of_Booking_Evening,Time_of_Booking_Morning,Time_of_Booking_Night
90,45,13,4.47,1,90,284.25727302188227,0.0,0.0,1.0,0.0,0.0,1.0,0.0,0.0,0.0,1.0
58,39,72,4.06,0,43,173.87475274940766,0.0,1.0,0.0,0.0,0.0,1.0,0.0,1.0,0.0,0.0
42,31,0,3.99,1,76,329.7954689622466,1.0,0.0,0.0,0.0,0.0,1.0,1.0,0.0,0.0,0.0
89,28,67,4.31,1,134,470.2012317513198,1.0,0.0,0.0,0.0,1.0,0.0,1.0,0.0,0.0,0.0
78,22,74,3.77,0,149,579.6814223640141,1.0,0.0,0.0,0.0,1.0,0.0,1.0,0.0,0.0,0.0
59,35,83,3.51,0,128,339.9553606047221,0.0,0.0,1.0,0.0,0.0,1.0,0.0,0.0,0.0,1.0
93,43,44,4.41,1,16,104.06154127359152,0.0,1.0,0.0,0.0,1.0,0.0,1.0,0.0,0.0,0.0
62,39,83,3.59,1,47,235.81186355605,1.0,0.0,0.0,1.0,0.0,0.0,1.0,0.0,0.0,0.0
79,14,71,3.74,0,128,501.4125174833056,1.0,0.0,0.0,0.0,0.0,1.0,0.0,1.0,0.0,0.0
42,6,21,3.85,1,128,398.9933645706103,1.0,0.0,0.0,0.0,0.0,1.0,0.0,0.0,0.0,1.0
86,17,99,4.69,0,167,669.2986264658781,0.0,0.0,1.0,0.0,1.0,0.0,0.0,0.0,1.0,0.0
60,38,15,4.14,1,144,414.9901047325251,1.0,0.0,0.0,1.0,0.0,0.0,0.0,1.0,0.0,0.0
24,8,50,4.12,0,164,490.41072171830416,1.0,0.0,0.0,1.0,0.0,0.0,0.0,0.0,1.0,0.0
36,24,88,4.22,1,83,296.24287599192223,0.0,1.0,0.0,0.0,0.0,1.0,0.0,0.0,0.0,1.0
63,13,74,4.95,1,102,327.0888648717375,1.0,0.0,0.0,0.0,1.0,0.0,1.0,0.0,0.0,0.0
39,12,30,4.51,1,140,445.1368684239125,0.0,0.0,1.0,0.0,0.0,1.0,1.0,0.0,0.0,0.0
38,28,35,3.93,1,54,244.5361718306458,1.0,0.0,0.0,0.0,0.0,1.0,1.0,0.0,0.0,0.0
46,14,21,4.71,0,15,47.31430863361691,0.0,1.0,0.0,0.0,0.0,1.0,1.0,0.0,0.0,0.0
33,7,49,4.31,1,22,129.8082629093964,0.0,1.0,0.0,1.0,0.0,0.0,0.0,1.0,0.0,0.0
31,7,24,4.82,1,87,382.9481103198511,0.0,1.0,0.0,0.0,0.0,1.0,0.0,1.0,0.0,0.0
96,45,6,4.95,1,11,82.77279318243978,0.0,0.0,1.0,0.0,1.0,0.0,1.0,0.0,0.0,0.0
22,11,79,4.48,0,15,64.07117255500656,0.0,1.0,0.0,0.0,0.0,1.0,0.0,0.0,0.0,1.0
74,16,6,3.97,0,139,390.6687658288554,1.0,0.0,0.0,0.0,1.0,0.0,0.0,0.0,1.0,0.0
24,12,10,3.6,1,45,212.16652497375452,0.0,0.0,1.0,0.0,1.0,0.0,0.0,1.0,0.0,0.0
48,19,72,3.81,1,65,235.65813370551408,0.0,1.0,0.0,1.0,0.0,0.0,0.0,0.0,0.0,1.0
56,13,36,4.81,0,162,406.5574980533908,1.0,0.0,0.0,0.0,1.0,0.0,0.0,1.0,0.0,0.0
72,33,66,4.39,1,30,182.4744270596517,1.0,0.0,0.0,1.0,0.0,0.0,0.0,0.0,1.0,0.0
97,75,76,4.7,0,158,652.617297300081,0.0,0.0,1.0,0.0,0.0,1.0,0.0,0.0,0.0,1.0
62,33,39,3.91,1,129,403.22709836941993,0.0,1.0,0.0,0.0,1.0,0.0,0.0,1.0,0.0,0.0
57,38,54,4.1,1,131,537.7848594528473,0.0,1.0,0.0,0.0,0.0,1.0,0.0,0.0,0.0,1.0
25,7,13,3.99,1,81,286.13145256368455,0.0,1.0,0.0,0.0,0.0,1.0,0.0,0.0,1.0,0.0
75,56,94,4.79,1,153,485.0546633356366,0.0,1.0,0.0,1.0,0.0,0.0,0.0,1.0,0.0,0.0
39,9,39,4.64,1,48,171.0859835160851,0.0,0.0,1.0,1.0,0.0,0.0,1.0,0.0,0.0,0.0
35,24,73,3.76,1,105,485.8784537318511,0.0,1.0,0.0,1.0,0.0,0.0,0.0,1.0,0.0,0.0
68,32,34,3.58,0,77,294.7328864777875,0.0,1.0,0.0,0.0,1.0,0.0,0.0,0.0,1.0,0.0
96,43,97,3.68,1,91,392.83872040801793,1.0,0.0,0.0,0.0,0.0,1.0,0.0,0.0,1.0,0.0
28,11,52,4.33,1,94,456.1809467866996,0.0,1.0,0.0,1.0,0.0,0.0,1.0,0.0,0.0,0.0
25,15,65,4.88,1,101,502.5293207873477,1.0,0.0,0.0,1.0,0.0,0.0,0.0,1.0,0.0,0.0
28,6,2,4.29,0,89,244.21766165291973,0.0,1.0,0.0,0.0,1.0,0.0,0.0,0.0,1.0,0.0
73,17,14,4.81,1,170,634.7265312250814,1.0,0.0,0.0,0.0,1.0,0.0,0.0,1.0,0.0,0.0
36,18,88,3.73,1,92,345.40676830595487,0.0,0.0,1.0,0.0,0.0,1.0,0.0,0.0,0.0,1.0
56,10,55,4.5,0,45,151.15212964816465,0.0,0.0,1.0,0.0,0.0,1.0,0.0,0.0,0.0,1.0
97,81,52,4.56,0,125,530.7599938912294,0.0,1.0,0.0,0.0,1.0,0.0,0.0,1.0,0.0,0.0
63,9,89,3.87,1,166,482.85016419959805,1.0,0.0,0.0,0.0,1.0,0.0,1.0,0.0,0.0,0.0
78,33,35,4.46,1,116,355.9595074862448,0.0,0.0,1.0,0.0,0.0,1.0,0.0,0.0,1.0,0.0
29,10,25,3.77,0,91,303.9609626071891,0.0,1.0,0.0,0.0,1.0,0.0,1.0,0.0,0.0,0.0
73,33,60,3.88,1,161,514.8771742414517,0.0,1.0,0.0,0.0,0.0,1.0,0.0,0.0,0.0,1.0
94,29,67,3.59,1,96,361.13235495172165,0.0,0.0,1.0,0.0,1.0,0.0,0.0,1.0,0.0,0.0
54,28,83,4.49,0,32,80.26246462184758,0.0,1.0,0.0,0.0,0.0,1.0,0.0,0.0,0.0,1.0
67,6,15,3.53,0,123,420.6239113101238,1.0,0.0,0.0,1.0,0.0,0.0,0.0,0.0,0.0,1.0
23,8,27,4.73,0,117,520.8926706123274,0.0,0.0,1.0,0.0,0.0,1.0,1.0,0.0,0.0,0.0
70,14,16,4.3,0,53,183.07579104191225,0.0,0.0,1.0,0.0,0.0,1.0,0.0,0.0,1.0,0.0
20,10,70,4.92,0,65,190.13746358777752,1.0,0.0,0.0,0.0,0.0,1.0,0.0,1.0,0.0,0.0
95,84,18,3.86,1,112,522.3021028701461,0.0,1.0,0.0,1.0,0.0,0.0,1.0,0.0,0.0,0.0
43,16,40,4.89,1,106,410.6863449474928,0.0,0.0,1.0,0.0,0.0,1.0,0.0,0.0,0.0,1.0
97,55,94,4.62,1,150,584.9958711291002,0.0,1.0,0.0,0.0,0.0,1.0,0.0,1.0,0.0,0.0
32,20,44,3.55,0,68,301.62262644973293,1.0,0.0,0.0,0.0,0.0,1.0,0.0,0.0,0.0,1.0
95,25,72,4.16,1,128,413.5870840445325,0.0,1.0,0.0,0.0,1.0,0.0,0.0,0.0,1.0,0.0
47,15,14,4.84,0,89,273.11810461931896,0.0,0.0,1.0,1.0,0.0,0.0,0.0,0.0,0.0,1.0
25,11,33,3.85,0,94,247.1745626508575,1.0,0.0,0.0,0.0,0.0,1.0,0.0,0.0,0.0,1.0
37,22,76,4.72,0,69,213.4432507972432,1.0,0.0,0.0,0.0,1.0,0.0,1.0,0.0,0.0,0.0
59,39,49,3.78,1,98,295.79438015283176,0.0,1.0,0.0,1.0,0.0,0.0,0.0,0.0,1.0,0.0
42,20,88,4.64,1,29,145.0698091748401,0.0,0.0,1.0,0.0,0.0,1.0,0.0,0.0,0.0,1.0
53,11,2,3.5,1,81,297.0186264188845,1.0,0.0,0.0,0.0,1.0,0.0,1.0,0.0,0.0,0.0
79,64,91,4.57,0,164,666.6870291344428,1.0,0.0,0.0,0.0,1.0,0.0,0.0,0.0,0.0,1.0
59,23,41,4.97,1,91,449.5456339145253,0.0,0.0,1.0,1.0,0.0,0.0,0.0,1.0,0.0,0.0
40,29,72,4.3,0,147,624.9860100296204,0.0,0.0,1.0,0.0,1.0,0.0,1.0,0.0,0.0,0.0
76,40,77,4.17,0,28,96.03520851587072,0.0,1.0,0.0,0.0,0.0,1.0,0.0,0.0,1.0,0.0
41,26,96,3.91,0,169,637.7593915947267,0.0,0.0,1.0,0.0,1.0,0.0,0.0,0.0,0.0,1.0
83,14,80,4.77,1,64,295.5887110300315,0.0,0.0,1.0,0.0,1.0,0.0,0.0,0.0,0.0,1.0
44,17,15,4.0,0,98,353.33854512223814,1.0,0.0,0.0,0.0,1.0,0.0,0.0,1.0,0.0,0.0
91,73,61,4.39,0,15,62.25429041832141,0.0,0.0,1.0,1.0,0.0,0.0,0.0,0.0,0.0,1.0
54,16,8,4.5,1,67,266.0685899337195,0.0,1.0,0.0,0.0,1.0,0.0,1.0,0.0,0.0,0.0
59,37,86,4.67,1,95,340.1282671016029,1.0,0.0,0.0,0.0,0.0,1.0,0.0,0.0,0.0,1.0
72,43,28,4.87,0,132,443.258155352454,0.0,1.0,0.0,1.0,0.0,0.0,1.0,0.0,0.0,0.0
47,9,49,4.44,0,96,265.05527443495566,1.0,0.0,0.0,1.0,0.0,0.0,0.0,1.0,0.0,0.0
32,22,49,4.65,0,60,221.4343854791753,1.0,0.0,0.0,0.0,0.0,1.0,0.0,0.0,0.0,1.0
45,13,96,4.84,0,112,393.2308288248255,1.0,0.0,0.0,0.0,1.0,0.0,0.0,0.0,0.0,1.0
72,45,82,4.42,1,40,151.58040412487964,0.0,0.0,1.0,0.0,0.0,1.0,0.0,0.0,0.0,1.0
56,15,34,4.72,1,78,313.9950046053331,0.0,0.0,1.0,1.0,0.0,0.0,0.0,0.0,0.0,1.0
42,22,67,3.81,1,82,366.1515260551269,1.0,0.0,0.0,0.0,0.0,1.0,1.0,0.0,0.0,0.0
52,14,87,3.54,1,98,425.97356882411634,0.0,1.0,0.0,0.0,0.0,1.0,1.0,0.0,0.0,0.0
81,23,39,4.3,0,143,359.0531279855558,0.0,0.0,1.0,1.0,0.0,0.0,0.0,1.0,0.0,0.0
77,25,70,4.27,1,52,260.34417984860374,1.0,0.0,0.0,0.0,1.0,0.0,1.0,0.0,0.0,0.0
27,6,2,4.42,0,86,320.30170917475425,0.0,0.0,1.0,1.0,0.0,0.0,0.0,0.0,0.0,1.0
74,34,18,4.66,1,140,454.49212153190336,1.0,0.0,0.0,0.0,1.0,0.0,0.0,0.0,1.0,0.0
92,69,88,4.69,0,18,45.11502370436019,0.0,0.0,1.0,0.0,0.0,1.0,1.0,0.0,0.0,0.0
77,34,33,4.13,1,48,223.6621142931812,1.0,0.0,0.0,1.0,0.0,0.0,0.0,0.0,0.0,1.0
66,6,23,4.2,0,45,173.1577542620492,1.0,0.0,0.0,0.0,1.0,0.0,0.0,1.0,0.0,0.0
77,39,23,4.29,0,167,592.240499627505,0.0,0.0,1.0,0.0,1.0,0.0,0.0,0.0,1.0,0.0
35,16,31,4.75,1,113,379.3078104185831,0.0,0.0,1.0,0.0,1.0,0.0,1.0,0.0,0.0,0.0
48,38,40,3.7,1,80,360.7111703191874,1.0,0.0,0.0,1.0,0.0,0.0,0.0,1.0,0.0,0.0
61,18,84,3.93,1,58,203.49261837786293,1.0,0.0,0.0,1.0,0.0,0.0,0.0,1.0,0.0,0.0
71,21,82,4.88,1,126,553.5451307734787,0.0,1.0,0.0,0.0,0.0,1.0,1.0,0.0,0.0,0.0
95,7,40,4.68,0,95,283.46644254307614,1.0,0.0,0.0,1.0,0.0,0.0,0.0,1.0,0.0,0.0
76,44,20,3.56,1,105,435.14534513079855,0.0,1.0,0.0,1.0,0.0,0.0,1.0,0.0,0.0,0.0
32,13,21,4.64,0,156,685.7681264991488,0.0,1.0,0.0,0.0,1.0,0.0,1.0,0.0,0.0,0.0
49,30,57,4.83,0,154,630.8608868741742,1.0,0.0,0.0,0.0,0.0,1.0,0.0,1.0,0.0,0.0
38,17,92,4.41,1,138,546.1568747653598,0.0,0.0,1.0,0.0,0.0,1.0,1.0,0.0,0.0,0.0
92,35,46,4.72,0,45,115.35700254441711,0.0,1.0,0.0,0.0,1.0,0.0,0.0,0.0,1.0,0.0
40,29,26,4.26,0,152,404.0498951423794,0.0,1.0,0.0,0.0,0.0,1.0,0.0,0.0,0.0,1.0
55,42,24,4.49,0,45,156.03832988580584,0.0,1.0,0.0,0.0,0.0,1.0,1.0,0.0,0.0,0.0
58,34,19,4.55,1,131,501.26295506529306,1.0,0.0,0.0,1.0,0.0,0.0,0.0,0.0,1.0,0.0
34,5,26,4.85,1,152,562.4369764527329,0.0,0.0,1.0,0.0,1.0,0.0,0.0,1.0,0.0,0.0
70,47,3,3.66,1,53,216.8024750869831,0.0,1.0,0.0,0.0,0.0,1.0,0.0,0.0,1.0,0.0
51,24,25,4.68,1,16,120.09069016935676,1.0,0.0,0.0,1.0,0.0,0.0,1.0,0.0,0.0,0.0
88,56,11,4.36,0,60,221.1576532597614,1.0,0.0,0.0,0.0,1.0,0.0,1.0,0.0,0.0,0.0
25,8,83,3.53,0,121,492.7012709061221,0.0,1.0,0.0,0.0,0.0,1.0,0.0,1.0,0.0,0.0
34,19,51,4.2,1,166,754.2344800100251,1.0,0.0,0.0,0.0,1.0,0.0,0.0,0.0,0.0,1.0
40,15,90,3.62,1,42,211.52772882563164,0.0,0.0,1.0,0.0,1.0,0.0,0.0,0.0,0.0,1.0
26,7,58,4.91,0,161,460.75927538572495,0.0,1.0,0.0,1.0,0.0,0.0,1.0,0.0,0.0,0.0
81,42,88,4.14,0,47,164.10747354764283,0.0,1.0,0.0,0.0,1.0,0.0,1.0,0.0,0.0,0.0
80,56,63,4.57,1,43,213.6962129956236,0.0,1.0,0.0,1.0,0.0,0.0,0.0,0.0,0.0,1.0
64,19,86,4.68,1,171,732.9893961300692,1.0,0.0,0.0,1.0,0.0,0.0,0.0,0.0,0.0,1.0
45,18,68,4.07,0,136,350.6012026111729,1.0,0.0,0.0,1.0,0.0,0.0,0.0,0.0,1.0,0.0
84,49,32,4.25,1,53,192.8798062051633,0.0,0.0,1.0,0.0,1.0,0.0,0.0,0.0,0.0,1.0
34,16,47,4.12,0,93,294.11580585015537,0.0,0.0,1.0,0.0,0.0,1.0,0.0,1.0,0.0,0.0
67,32,40,4.47,1,13,82.52418774801069,0.0,1.0,0.0,0.0,1.0,0.0,1.0,0.0,0.0,0.0
93,23,34,4.23,1,125,386.169069413996,0.0,1.0,0.0,0.0,0.0,1.0,0.0,1.0,0.0,0.0
100,51,56,3.58,0,89,310.9003272621974,0.0,0.0,1.0,0.0,0.0,1.0,0.0,0.0,0.0,1.0
35,22,15,4.23,1,120,373.96284065200393,0.0,1.0,0.0,1.0,0.0,0.0,0.0,0.0,1.0,0.0
36,13,31,4.71,0,71,221.55110013131716,1.0,0.0,0.0,0.0,0.0,1.0,0.0,0.0,0.0,1.0
28,18,100,3.7,0,127,531.1127009643968,0.0,1.0,0.0,0.0,1.0,0.0,1.0,0.0,0.0,0.0
21,9,10,3.88,1,108,324.9426389036563,0.0,0.0,1.0,1.0,0.0,0.0,0.0,0.0,1.0,0.0
26,15,35,5.0,1,161,493.4068923175674,0.0,0.0,1.0,0.0,1.0,0.0,0.0,0.0,1.0,0.0
97,21,59,3.87,1,174,778.6333560141928,0.0,1.0,0.0,0.0,1.0,0.0,0.0,1.0,0.0,0.0
26,15,10,3.71,1,171,720.1572085631501,0.0,0.0,1.0,0.0,0.0,1.0,0.0,0.0,1.0,0.0
91,56,17,4.66,0,10,38.23523523879646,0.0,0.0,1.0,1.0,0.0,0.0,0.0,0.0,0.0,1.0
65,48,12,4.37,1,140,573.5891064527985,1.0,0.0,0.0,0.0,0.0,1.0,1.0,0.0,0.0,0.0
88,28,22,4.99,1,154,682.016246966075,0.0,0.0,1.0,1.0,0.0,0.0,0.0,0.0,0.0,1.0
82,13,32,3.58,0,148,516.4367273015673,0.0,1.0,0.0,1.0,0.0,0.0,0.0,0.0,0.0,1.0
65,40,48,3.59,0,121,492.5196024192815,0.0,0.0,1.0,0.0,0.0,1.0,0.0,1.0,0.0,0.0
41,6,56,4.32,0,11,49.234784001519046,0.0,0.0,1.0,0.0,0.0,1.0,0.0,0.0,0.0,1.0
85,36,64,4.32,0,152,506.6928860981053,1.0,0.0,0.0,0.0,0.0,1.0,0.0,1.0,0.0,0.0
35,13,80,3.8,0,93,304.3133394836575,1.0,0.0,0.0,0.0,0.0,1.0,1.0,0.0,0.0,0.0
83,29,78,4.42,1,23,111.179341237614,0.0,0.0,1.0,0.0,0.0,1.0,1.0,0.0,0.0,0.0
91,31,12,4.39,0,39,163.21458328772866,0.0,0.0,1.0,0.0,1.0,0.0,0.0,0.0,0.0,1.0
44,28,31,4.92,1,132,402.856989480614,1.0,0.0,0.0,0.0,1.0,0.0,0.0,0.0,0.0,1.0
96,12,15,4.97,0,90,289.2351908680133,0.0,1.0,0.0,1.0,0.0,0.0,0.0,0.0,0.0,1.0
77,46,97,4.2,1,25,150.53929481479082,0.0,1.0,0.0,0.0,1.0,0.0,1.0,0.0,0.0,0.0
91,80,74,4.74,0,46,194.93555934032696,1.0,0.0,0.0,1.0,0.0,0.0,0.0,0.0,0.0,1.0
93,42,75,4.66,0,160,674.6485035775572,1.0,0.0,0.0,0.0,0.0,1.0,0.0,0.0,1.0,0.0
41,9,73,3.51,0,150,551.5572340398235,1.0,0.0,0.0,0.0,0.0,1.0,0.0,0.0,1.0,0.0
61,44,69,4.54,0,52,132.2147645898824,0.0,1.0,0.0,0.0,1.0,0.0,1.0,0.0,0.0,0.0
83,10,28,3.91,0,23,70.11182411078714,0.0,0.0,1.0,1.0,0.0,0.0,1.0,0.0,0.0,0.0
59,22,79,4.38,1,93,346.2847096470098,1.0,0.0,0.0,0.0,1.0,0.0,0.0,0.0,1.0,0.0
42,31,62,4.95,1,13,102.04473025177862,0.0,1.0,0.0,1.0,0.0,0.0,0.0,0.0,0.0,1.0
81,16,73,4.89,0,125,494.1401793052489,0.0,1.0,0.0,0.0,1.0,0.0,0.0,0.0,0.0,1.0
72,19,89,4.74,1,45,183.658314681842,1.0,0.0,0.0,1.0,0.0,0.0,0.0,0.0,1.0,0.0
43,9,2,4.12,0,126,436.5576476487414,1.0,0.0,0.0,0.0,0.0,1.0,0.0,0.0,1.0,0.0
74,33,82,4.13,0,10,31.362081322241885,0.0,0.0,1.0,0.0,0.0,1.0,1.0,0.0,0.0,0.0
68,45,65,4.19,0,112,323.4791093139413,1.0,0.0,0.0,0.0,0.0,1.0,0.0,1.0,0.0,0.0
36,13,84,4.88,1,140,505.3840569466695,0.0,0.0,1.0,0.0,0.0,1.0,0.0,1.0,0.0,0.0
51,5,0,4.59,1,92,320.8576215627125,0.0,0.0,1.0,1.0,0.0,0.0,1.0,0.0,0.0,0.0
63,23,48,4.09,0,49,214.5660524456202,0.0,0.0,1.0,0.0,0.0,1.0,0.0,1.0,0.0,0.0
96,29,84,3.65,0,176,758.5015334295354,0.0,0.0,1.0,0.0,1.0,0.0,0.0,0.0,0.0,1.0
94,59,84,4.38,1,175,665.7295341217325,0.0,1.0,0.0,0.0,1.0,0.0,0.0,0.0,1.0,0.0
74,32,2,4.7,1,38,171.06636292972274,0.0,1.0,0.0,0.0,1.0,0.0,0.0,1.0,0.0,0.0
91,13,32,3.6,1,160,647.3526381087524,1.0,0.0,0.0,0.0,0.0,1.0,0.0,0.0,1.0,0.0
69,12,42,4.34,1,158,608.1282399929386,0.0,1.0,0.0,0.0,1.0,0.0,1.0,0.0,0.0,0.0
51,20,57,3.68,0,67,246.92292493661097,1.0,0.0,0.0,0.0,0.0,1.0,0.0,0.0,0.0,1.0
45,17,10,4.93,1,148,430.0665305032927,1.0,0.0,0.0,1.0,0.0,0.0,0.0,0.0,0.0,1.0
92,34,98,3.99,0,140,396.6387527092545,0.0,1.0,0.0,0.0,1.0,0.0,0.0,0.0,0.0,1.0
69,36,55,4.74,0,109,436.0114486061054,0.0,1.0,0.0,1.0,0.0,0.0,0.0,0.0,1.0,0.0
56,14,30,3.67,0,48,202.9454568505992,0.0,1.0,0.0,0.0,0.0,1.0,0.0,0.0,0.0,1.0
43,26,59,4.91,0,175,731.7816872483901,1.0,0.0,0.0,0.0,1.0,0.0,1.0,0.0,0.0,0.0
86,48,37,4.15,0,84,216.05054809363543,0.0,0.0,1.0,0.0,0.0,1.0,0.0,0.0,0.0,1.0
61,34,82,3.99,1,10,83.86835620425342,0.0,0.0,1.0,1.0,0.0,0.0,0.0,0.0,0.0,1.0
50,36,18,4.61,0,145,572.2420492964254,0.0,1.0,0.0,1.0,0.0,0.0,0.0,0.0,0.0,1.0
73,34,95,4.31,1,21,118.8070474355678,0.0,0.0,1.0,0.0,1.0,0.0,0.0,0.0,1.0,0.0
76,7,76,4.35,0,72,245.8935711917164,0.0,0.0,1.0,1.0,0.0,0.0,0.0,0.0,1.0,0.0
87,41,87,4.36,0,87,387.1117403297744,0.0,0.0,1.0,0.0,1.0,0.0,0.0,0.0,0.0,1.0
53,33,40,3.8,1,139,507.9505746530285,1.0,0.0,0.0,0.0,1.0,0.0,0.0,0.0,1.0,0.0
71,8,57,3.68,0,75,249.302974601016,0.0,1.0,0.0,0.0,0.0,1.0,0.0,0.0,0.0,1.0
32,5,80,3.55,0,14,45.91711193197189,1.0,0.0,0.0,1.0,0.0,0.0,0.0,0.0,0.0,1.0
91,30,34,3.69,0,96,424.6120578300381,0.0,1.0,0.0,1.0,0.0,0.0,1.0,0.0,0.0,0.0
47,37,64,3.75,0,31,85.97357530080251,0.0,1.0,0.0,1.0,0.0,0.0,0.0,0.0,1.0,0.0
23,13,42,4.55,0,87,328.9669925908357,1.0,0.0,0.0,0.0,0.0,1.0,0.0,0.0,0.0,1.0
57,20,92,3.74,0,53,172.62943414987132,1.0,0.0,0.0,0.0,1.0,0.0,0.0,0.0,1.0,0.0
48,17,2,4.09,0,85,261.9435328532634,0.0,1.0,0.0,0.0,0.0,1.0,0.0,1.0,0.0,0.0
22,5,39,4.92,0,56,199.0416803252397,0.0,0.0,1.0,1.0,0.0,0.0,0.0,1.0,0.0,0.0
60,19,37,4.22,0,68,232.2834549147445,0.0,0.0,1.0,0.0,0.0,1.0,0.0,1.0,0.0,0.0
94,42,0,4.23,1,36,185.311838106628,1.0,0.0,0.0,0.0,1.0,0.0,0.0,0.0,1.0,0.0
43,6,34,4.4,1,24,153.76143970087224,0.0,1.0,0.0,0.0,0.0,1.0,0.0,0.0,1.0,0.0
97,18,53,4.25,1,26,126.4771352873347,0.0,1.0,0.0,0.0,1.0,0.0,0.0,0.0,0.0,1.0
47,17,7,4.8,0,173,609.5038276051239,1.0,0.0,0.0,0.0,0.0,1.0,0.0,0.0,1.0,0.0
39,28,72,3.76,1,87,287.1624375675698,0.0,0.0,1.0,0.0,0.0,1.0,1.0,0.0,0.0,0.0
50,39,94,3.81,1,139,406.32480651562713,0.0,1.0,0.0,0.0,1.0,0.0,0.0,1.0,0.0,0.0
35,17,78,4.4,1,61,249.03711265544783,0.0,0.0,1.0,0.0,1.0,0.0,0.0,1.0,0.0,0.0
28,8,69,3.86,1,175,620.9016915662245,0.0,1.0,0.0,0.0,1.0,0.0,0.0,1.0,0.0,0.0
51,32,98,4.44,1,51,267.0607016773296,1.0,0.0,0.0,0.0,1.0,0.0,0.0,0.0,1.0,0.0
54,12,84,4.98,1,172,715.7547930992089,0.0,1.0,0.0,0.0,0.0,1.0,0.0,1.0,0.0,0.0
65,10,77,4.36,0,170,430.385487919734,0.0,0.0,1.0,0.0,1.0,0.0,1.0,0.0,0.0,0.0
61,26,21,3.85,1,126,604.273047008686,1.0,0.0,0.0,1.0,0.0,0.0,0.0,0.0,1.0,0.0
46,9,67,4.22,1,47,243.5250631593867,0.0,1.0,0.0,0.0,0.0,1.0,0.0,1.0,0.0,0.0
73,50,7,4.22,0,45,176.2144067384048,0.0,0.0,1.0,0.0,1.0,0.0,0.0,0.0,0.0,1.0
86,49,99,3.51,0,130,471.4796320940979,0.0,0.0,1.0,0.0,1.0,0.0,0.0,0.0,0.0,1.0
75,7,100,4.13,0,134,453.3769493913552,0.0,1.0,0.0,1.0,0.0,0.0,0.0,0.0,1.0,0.0
39,29,12,4.24,0,97,251.1073064574406,0.0,1.0,0.0,0.0,0.0,1.0,0.0,1.0,0.0,0.0
33,6,90,4.81,1,139,521.8019208244536,1.0,0.0,0.0,1.0,0.0,0.0,0.0,0.0,0.0,1.0
40,29,6,4.94,1,71,346.4926515319707,0.0,1.0,0.0,0.0,0.0,1.0,0.0,0.0,0.0,1.0
54,35,66,4.4,0,77,234.0714535105622,0.0,1.0,0.0,0.0,0.0,1.0,0.0,0.0,0.0,1.0
53,26,54,4.6,1,52,184.0244513007148,0.0,0.0,1.0,1.0,0.0,0.0,0.0,0.0,0.0,1.0
81,34,98,3.55,1,164,554.8869659163038,0.0,0.0,1.0,0.0,0.0,1.0,1.0,0.0,0.0,0.0
45,20,80,4.73,0,63,192.61977241404605,0.0,0.0,1.0,0.0,1.0,0.0,0.0,0.0,1.0,0.0
20,9,77,3.91,0,89,227.796524806166,0.0,0.0,1.0,0.0,0.0,1.0,0.0,1.0,0.0,0.0
47,22,11,4.8,1,119,416.601648993299,1.0,0.0,0.0,0.0,0.0,1.0,1.0,0.0,0.0,0.0
33,18,90,3.61,1,146,671.7128294096442,0.0,0.0,1.0,1.0,0.0,0.0,0.0,1.0,0.0,0.0
78,57,5,4.82,1,127,552.6397714448676,1.0,0.0,0.0,0.0,0.0,1.0,0.0,0.0,1.0,0.0
26,12,9,3.75,0,115,321.37240510655704,1.0,0.0,0.0,0.0,0.0,1.0,1.0,0.0,0.0,0.0
62,21,61,4.57,0,56,215.4338699200544,1.0,0.0,0.0,0.0,1.0,0.0,0.0,0.0,0.0,1.0
84,59,67,4.27,1,164,758.9961232252967,0.0,1.0,0.0,0.0,0.0,1.0,0.0,0.0,1.0,0.0
49,8,1,4.06,1,157,694.4247148756359,0.0,0.0,1.0,0.0,1.0,0.0,1.0,0.0,0.0,0.0
34,22,34,3.64,0,176,617.3632185255483,0.0,1.0,0.0,1.0,0.0,0.0,0.0,0.0,1.0,0.0
49,30,86,3.62,1,69,328.63536897966003,1.0,0.0,0.0,0.0,0.0,1.0,1.0,0.0,0.0,0.0
83,50,7,3.66,1,100,376.3000600585162,1.0,0.0,0.0,0.0,1.0,0.0,0.0,1.0,0.0,0.0
88,5,89,3.59,0,27,70.20380336705749,0.0,0.0,1.0,0.0,0.0,1.0,0.0,0.0,0.0,1.0
90,71,88,3.84,0,167,451.6848649701074,0.0,1.0,0.0,1.0,0.0,0.0,0.0,0.0,1.0,0.0
65,5,24,3.54,0,119,301.40392677127403,1.0,0.0,0.0,0.0,0.0,1.0,0.0,0.0,0.0,1.0
73,28,22,4.57,0,53,153.39607111804412,0.0,0.0,1.0,0.0,0.0,1.0,1.0,0.0,0.0,0.0
85,62,54,3.78,0,114,339.66230419418656,0.0,1.0,0.0,0.0,0.0,1.0,0.0,0.0,1.0,0.0
65,27,62,3.54,1,162,733.4425366578176,1.0,0.0,0.0,1.0,0.0,0.0,0.0,0.0,0.0,1.0
74,42,88,3.5,0,77,203.8363809804033,0.0,0.0,1.0,1.0,0.0,0.0,0.0,1.0,0.0,0.0
41,7,68,4.3,1,66,284.5088586099128,1.0,0.0,0.0,1.0,0.0,0.0,0.0,1.0,0.0,0.0
79,23,88,3.88,0,164,492.1134583590864,0.0,0.0,1.0,1.0,0.0,0.0,0.0,0.0,0.0,1.0
53,7,64,4.55,1,10,86.19117981050438,0.0,0.0,1.0,0.0,0.0,1.0,0.0,0.0,0.0,1.0
35,14,74,5.0,1,175,727.8809447636283,0.0,0.0,1.0,0.0,0.0,1.0,0.0,0.0,0.0,1.0
53,40,79,3.66,1,30,158.65264164620277,1.0,0.0,0.0,1.0,0.0,0.0,0.0,1.0,0.0,0.0
36,23,42,4.66,0,14,44.52503661261306,0.0,0.0,1.0,0.0,0.0,1.0,0.0,0.0,1.0,0.0
38,25,2,4.24,1,128,452.4258268814717,0.0,0.0,1.0,0.0,1.0,0.0,0.0,0.0,1.0,0.0
52,36,1,4.52,1,36,152.64047921471024,1.0,0.0,0.0,0.0,0.0,1.0,0.0,0.0,1.0,0.0
91,64,26,4.56,1,96,420.2245689053783,0.0,1.0,0.0,0.0,1.0,0.0,0.0,0.0,1.0,0.0
87,5,59,4.32,0,42,151.35930066309265,0.0,0.0,1.0,0.0,0.0,1.0,0.0,0.0,0.0,1.0
96,20,88,3.6,1,71,242.27196569085137,0.0,1.0,0.0,1.0,0.0,0.0,0.0,1.0,0.0,0.0
83,59,8,4.85,0,31,119.0485543701777,0.0,0.0,1.0,1.0,0.0,0.0,0.0,0.0,1.0,0.0
48,23,0,4.46,0,174,472.56954081275165,1.0,0.0,0.0,1.0,0.0,0.0,1.0,0.0,0.0,0.0
65,19,24,4.59,0,96,334.6493506052282,0.0,1.0,0.0,0.0,0.0,1.0,0.0,1.0,0.0,0.0
79,29,0,4.86,0,127,406.0855256604135,0.0,1.0,0.0,0.0,0.0,1.0,0.0,0.0,1.0,0.0
100,22,45,4.23,1,141,551.365137615676,0.0,1.0,0.0,0.0,0.0,1.0,0.0,0.0,0.0,1.0
73,63,25,4.19,0,129,534.0181945871103,0.0,1.0,0.0,0.0,0.0,1.0,1.0,0.0,0.0,0.0
79,67,56,4.01,1,151,501.2363000548165,1.0,0.0,0.0,1.0,0.0,0.0,0.0,1.0,0.0,0.0
88,55,56,4.0,1,26,159.60691863182956,1.0,0.0,0.0,0.0,1.0,0.0,0.0,0.0,0.0,1.0
76,34,10,4.92,0,103,359.8010509571677,0.0,1.0,0.0,0.0,0.0,1.0,0.0,0.0,1.0,0.0
49,30,80,3.74,0,85,348.6695624527248,0.0,1.0,0.0,0.0,0.0,1.0,0.0,0.0,0.0,1.0
100,64,7,4.89,1,115,490.5040759704239,1.0,0.0,0.0,0.0,1.0,0.0,0.0,0.0,0.0,1.0
87,26,63,4.2,1,118,485.683239513509,1.0,0.0,0.0,1.0,0.0,0.0,0.0,0.0,1.0,0.0
22,5,93,4.85,0,99,424.9275101964327,1.0,0.0,0.0,0.0,0.0,1.0,0.0,1.0,0.0,0.0
21,11,23,3.76,0,12,40.442890652890384,1.0,0.0,0.0,0.0,0.0,1.0,1.0,0.0,0.0,0.0
93,57,34,4.89,1,80,258.424915281181,0.0,1.0,0.0,0.0,1.0,0.0,0.0,0.0,1.0,0.0
28,15,90,4.25,1,177,511.929390993806,1.0,0.0,0.0,1.0,0.0,0.0,0.0,0.0,0.0,1.0
97,7,22,3.74,1,147,441.74670095471794,0.0,0.0,1.0,0.0,0.0,1.0,1.0,0.0,0.0,0.0
48,12,51,4.63,1,32,175.5180543386476,0.0,0.0,1.0,0.0,0.0,1.0,0.0,0.0,0.0,1.0
70,37,10,3.65,1,168,658.5834276725151,0.0,0.0,1.0,0.0,0.0,1.0,0.0,0.0,0.0,1.0
78,12,99,4.3,0,95,299.2909931126892,1.0,0.0,0.0,0.0,0.0,1.0,1.0,0.0,0.0,0.0
25,7,24,3.85,1,144,494.8027992189699,1.0,0.0,0.0,0.0,1.0,0.0,0.0,1.0,0.0,0.0
24,9,6,4.05,1,69,223.51901195083732,0.0,0.0,1.0,1.0,0.0,0.0,1.0,0.0,0.0,0.0
92,37,7,4.92,1,103,434.5710508212173,1.0,0.0,0.0,0.0,0.0,1.0,0.0,0.0,1.0,0.0
43,33,16,4.01,1,159,630.4284012724294,1.0,0.0,0.0,1.0,0.0,0.0,0.0,0.0,1.0,0.0
96,23,8,4.23,1,90,445.1254111184949,0.0,0.0,1.0,1.0,0.0,0.0,0.0,0.0,1.0,0.0
88,46,35,4.89,1,72,361.98552095653855,1.0,0.0,0.0,1.0,0.0,0.0,1.0,0.0,0.0,0.0
83,43,20,3.59,0,63,267.28219711727195,0.0,1.0,0.0,0.0,1.0,0.0,0.0,0.0,1.0,0.0
50,29,2,4.81,0,143,518.9547629602604,0.0,0.0,1.0,0.0,1.0,0.0,0.0,0.0,1.0,0.0
97,75,15,4.94,0,163,575.4934491747886,0.0,0.0,1.0,0.0,1.0,0.0,1.0,0.0,0.0,0.0
84,24,39,4.08,0,86,349.4432162449335,0.0,1.0,0.0,0.0,1.0,0.0,1.0,0.0,0.0,0.0
68,40,58,4.64,1,68,279.2349662242834,0.0,1.0,0.0,0.0,0.0,1.0,0.0,0.0,1.0,0.0
77,30,99,4.7,1,179,689.7483154802385,0.0,0.0,1.0,0.0,1.0,0.0,0.0,1.0,0.0,0.0
82,67,13,4.43,0,33,88.76294359232648,0.0,0.0,1.0,0.0,1.0,0.0,1.0,0.0,0.0,0.0
21,8,37,3.71,1,171,621.7963494961118,0.0,1.0,0.0,1.0,0.0,0.0,0.0,1.0,0.0,0.0
75,24,44,3.79,1,72,307.621949405299,1.0,0.0,0.0,0.0,1.0,0.0,0.0,0.0,0.0,1.0
61,9,74,3.98,1,32,172.41053126646165,0.0,0.0,1.0,1.0,0.0,0.0,0.0,1.0,0.0,0.0
90,13,24,3.73,0,126,444.2453020895959,0.0,1.0,0.0,0.0,1.0,0.0,1.0,0.0,0.0,0.0
100,21,20,3.52,1,163,556.8967118375435,0.0,1.0,0.0,0.0,1.0,0.0,0.0,0.0,0.0,1.0
93,31,13,3.58,1,101,355.3245754797394,0.0,1.0,0.0,1.0,0.0,0.0,1.0,0.0,0.0,0.0
92,14,57,3.73,1,133,474.99773906008016,0.0,0.0,1.0,0.0,0.0,1.0,0.0,0.0,1.0,0.0
61,12,59,4.72,1,178,581.9712306098094,1.0,0.0,0.0,1.0,0.0,0.0,1.0,0.0,0.0,0.0
53,12,79,3.6,1,154,663.4393972369916,0.0,1.0,0.0,1.0,0.0,0.0,0.0,0.0,0.0,1.0
55,21,20,3.56,1,134,519.469492374694,0.0,0.0,1.0,0.0,1.0,0.0,0.0,0.0,0.0,1.0
57,45,78,4.43,1,112,397.6919501475396,1.0,0.0,0.0,1.0,0.0,0.0,1.0,0.0,0.0,0.0
34,8,51,4.09,1,130,388.1122298927073,0.0,1.0,0.0,0.0,0.0,1.0,1.0,0.0,0.0,0.0
50,11,19,4.87,0,144,591.1000759572743,0.0,1.0,0.0,0.0,0.0,1.0,0.0,0.0,1.0,0.0
35,22,82,3.79,0,174,586.7988633141081,1.0,0.0,0.0,0.0,0.0,1.0,1.0,0.0,0.0,0.0
43,14,1,3.53,1,134,648.9097429236178,0.0,1.0,0.0,0.0,1.0,0.0,0.0,0.0,0.0,1.0
50,25,19,4.32,0,176,746.3391324597457,0.0,1.0,0.0,0.0,0.0,1.0,0.0,0.0,0.0,1.0
55,19,64,4.34,1,129,555.0976877626003,0.0,0.0,1.0,0.0,1.0,0.0,0.0,0.0,1.0,0.0
93,67,21,4.88,1,87,417.91314129159,0.0,0.0,1.0,0.0,0.0,1.0,0.0,0.0,0.0,1.0
94,69,86,4.12,1,18,97.80093621671637,0.0,0.0,1.0,0.0,0.0,1.0,0.0,0.0,1.0,0.0
70,60,57,4.05,1,43,193.0891119987856,0.0,0.0,1.0,0.0,1.0,0.0,1.0,0.0,0.0,0.0
36,25,61,3.64,0,132,492.4640116460618,0.0,1.0,0.0,0.0,1.0,0.0,0.0,0.0,0.0,1.0
37,9,73,4.8,0,124,408.81562882076287,0.0,1.0,0.0,0.0,0.0,1.0,0.0,0.0,1.0,0.0
68,46,8,4.21,0,116,364.1617948077249,0.0,0.0,1.0,1.0,0.0,0.0,1.0,0.0,0.0,0.0
77,15,47,4.47,0,66,228.64349787316,0.0,1.0,0.0,0.0,1.0,0.0,0.0,0.0,1.0,0.0
27,12,64,4.7,0,149,667.9464280068869,0.0,1.0,0.0,0.0,0.0,1.0,0.0,1.0,0.0,0.0
90,56,61,4.38,1,91,410.34270896598935,0.0,1.0,0.0,0.0,0.0,1.0,0.0,0.0,0.0,1.0
46,23,19,4.92,0,169,710.4192641684332,0.0,1.0,0.0,0.0,1.0,0.0,1.0,0.0,0.0,0.0
96,80,47,3.77,0,70,177.20306582722415,0.0,0.0,1.0,0.0,1.0,0.0,0.0,0.0,1.0,0.0
80,6,43,4.81,0,24,74.32837977574499,1.0,0.0,0.0,0.0,0.0,1.0,0.0,0.0,0.0,1.0
80,31,91,4.61,1,127,392.3027600530253,0.0,1.0,0.0,0.0,0.0,1.0,0.0,1.0,0.0,0.0
64,25,85,4.46,1,37,168.61019430479575,0.0,1.0,0.0,0.0,0.0,1.0,1.0,0.0,0.0,0.0
57,42,36,3.59,1,167,587.2581373063812,1.0,0.0,0.0,0.0,0.0,1.0,1.0,0.0,0.0,0.0
52,7,57,4.82,0,180,563.9803272683639,1.0,0.0,0.0,0.0,0.0,1.0,0.0,0.0,0.0,1.0
69,56,73,4.02,1,116,352.3474982568331,0.0,0.0,1.0,0.0,1.0,0.0,0.0,0.0,0.0,1.0
67,54,53,3.67,0,110,415.3075369486595,0.0,1.0,0.0,0.0,1.0,0.0,0.0,0.0,1.0,0.0
25,7,13,4.07,1,60,204.215843297379,1.0,0.0,0.0,0.0,0.0,1.0,1.0,0.0,0.0,0.0
80,35,29,4.49,0,79,319.6520700676685,1.0,0.0,0.0,0.0,1.0,0.0,0.0,0.0,0.0,1.0
73,6,5,4.03,1,71,362.05333073474793,0.0,1.0,0.0,0.0,0.0,1.0,0.0,0.0,0.0,1.0
24,6,65,4.29,1,106,387.4755378090192,0.0,0.0,1.0,0.0,1.0,0.0,1.0,0.0,0.0,0.0
37,14,18,4.36,0,85,348.8532987245396,1.0,0.0,0.0,1.0,0.0,0.0,0.0,1.0,0.0,0.0
27,6,74,4.75,1,157,732.2985126943609,1.0,0.0,0.0,0.0,1.0,0.0,1.0,0.0,0.0,0.0
23,11,11,4.86,0,133,343.6721333865543,0.0,0.0,1.0,0.0,1.0,0.0,1.0,0.0,0.0,0.0
42,8,12,4.79,1,166,599.7162532373392,1.0,0.0,0.0,1.0,0.0,0.0,0.0,0.0,1.0,0.0
74,39,11,3.65,0,173,484.75453888236336,0.0,0.0,1.0,0.0,0.0,1.0,0.0,0.0,1.0,0.0
68,30,28,4.69,1,134,581.1514565564086,0.0,0.0,1.0,0.0,1.0,0.0,0.0,0.0,0.0,1.0
59,9,30,4.83,0,140,603.3651642705413,0.0,1.0,0.0,0.0,0.0,1.0,1.0,0.0,0.0,0.0
89,75,76,4.39,0,110,369.8546414878244,1.0,0.0,0.0,0.0,0.0,1.0,0.0,1.0,0.0,0.0
81,35,45,4.11,0,174,708.8801421484817,0.0,1.0,0.0,0.0,1.0,0.0,0.0,0.0,0.0,1.0
33,8,74,4.52,1,56,205.83755050869485,0.0,1.0,0.0,0.0,1.0,0.0,0.0,0.0,1.0,0.0
75,28,49,4.46,0,163,684.5607033083106,0.0,0.0,1.0,1.0,0.0,0.0,0.0,0.0,0.0,1.0
87,48,95,4.73,0,162,453.2541298779704,0.0,1.0,0.0,0.0,0.0,1.0,0.0,0.0,1.0,0.0
56,37,96,3.83,1,130,412.5848379812361,0.0,1.0,0.0,0.0,0.0,1.0,1.0,0.0,0.0,0.0
75,32,20,3.69,1,96,440.4442377359072,0.0,0.0,1.0,0.0,0.0,1.0,0.0,1.0,0.0,0.0
99,54,96,3.77,1,61,241.6407113776789,1.0,0.0,0.0,0.0,0.0,1.0,1.0,0.0,0.0,0.0
33,16,81,4.08,1,50,201.29253189374316,1.0,0.0,0.0,0.0,1.0,0.0,1.0,0.0,0.0,0.0
41,28,89,4.47,1,45,220.05114029296504,1.0,0.0,0.0,1.0,0.0,0.0,0.0,1.0,0.0,0.0
55,19,74,3.51,0,173,702.9134159653358,0.0,1.0,0.0,0.0,0.0,1.0,0.0,0.0,1.0,0.0
93,51,12,4.98,1,90,431.42166025583447,1.0,0.0,0.0,0.0,0.0,1.0,0.0,0.0,1.0,0.0
54,35,11,4.49,1,96,466.8626810645626,0.0,0.0,1.0,0.0,0.0,1.0,1.0,0.0,0.0,0.0
34,20,21,4.15,1,158,445.1263611668488,0.0,0.0,1.0,1.0,0.0,0.0,0.0,0.0,1.0,0.0
86,18,61,4.3,1,126,441.6378571357946,0.0,1.0,0.0,0.0,0.0,1.0,1.0,0.0,0.0,0.0
85,27,8,4.11,1,157,669.5210116683382,0.0,1.0,0.0,1.0,0.0,0.0,0.0,0.0,0.0,1.0
74,5,80,3.63,0,134,354.3852115042604,0.0,1.0,0.0,0.0,1.0,0.0,0.0,0.0,0.0,1.0
63,53,33,4.33,0,175,489.7125242986789,1.0,0.0,0.0,1.0,0.0,0.0,1.0,0.0,0.0,0.0
55,13,45,3.71,1,40,222.56858200356248,0.0,1.0,0.0,0.0,0.0,1.0,0.0,0.0,1.0,0.0
100,66,27,3.53,1,106,412.2556067980849,0.0,1.0,0.0,1.0,0.0,0.0,0.0,1.0,0.0,0.0
51,27,86,3.82,1,152,472.21573527678265,0.0,0.0,1.0,1.0,0.0,0.0,0.0,1.0,0.0,0.0
37,10,33,4.86,0,44,179.93988033973832,0.0,0.0,1.0,0.0,0.0,1.0,1.0,0.0,0.0,0.0
99,71,3,4.63,1,100,308.9111533232364,0.0,1.0,0.0,1.0,0.0,0.0,0.0,0.0,1.0,0.0
54,24,85,3.79,0,102,306.3142432341152,1.0,0.0,0.0,0.0,0.0,1.0,0.0,1.0,0.0,0.0
30,7,57,4.27,1,69,224.46487829301583,1.0,0.0,0.0,1.0,0.0,0.0,0.0,0.0,1.0,0.0
84,56,71,4.56,1,15,101.07378646994935,0.0,0.0,1.0,0.0,0.0,1.0,0.0,1.0,0.0,0.0
49,14,55,4.43,1,131,633.4966221375331,0.0,1.0,0.0,0.0,0.0,1.0,0.0,0.0,1.0,0.0
86,10,98,4.8,0,18,62.87509273644356,0.0,0.0,1.0,0.0,0.0,1.0,0.0,0.0,1.0,0.0
48,24,17,3.98,0,29,92.03104706108972,1.0,0.0,0.0,1.0,0.0,0.0,1.0,0.0,0.0,0.0
67,18,78,3.81,1,22,106.7358926414302,0.0,0.0,1.0,0.0,0.0,1.0,0.0,0.0,1.0,0.0
100,16,96,3.65,1,163,560.6703257140985,1.0,0.0,0.0,1.0,0.0,0.0,0.0,0.0,0.0,1.0
79,7,31,4.82,0,100,322.9000694955284,1.0,0.0,0.0,0.0,0.0,1.0,0.0,0.0,0.0,1.0
99,9,33,4.98,0,110,292.33936093553586,1.0,0.0,0.0,0.0,0.0,1.0,1.0,0.0,0.0,0.0
34,24,3,4.41,0,97,242.75171700488076,0.0,0.0,1.0,0.0,0.0,1.0,0.0,0.0,1.0,0.0
54,21,23,4.44,1,136,442.7796305981407,0.0,0.0,1.0,0.0,0.0,1.0,0.0,1.0,0.0,0.0
77,43,73,4.07,1,131,505.54671645728143,0.0,1.0,0.0,0.0,1.0,0.0,1.0,0.0,0.0,0.0
80,21,85,4.21,1,146,474.9171617926677,0.0,0.0,1.0,0.0,1.0,0.0,0.0,0.0,1.0,0.0
74,54,16,4.35,1,147,617.434678434942,0.0,0.0,1.0,0.0,1.0,0.0,1.0,0.0,0.0,0.0
57,38,31,3.97,1,64,294.8553699465021,0.0,0.0,1.0,0.0,1.0,0.0,0.0,0.0,1.0,0.0
97,66,90,3.6,1,150,717.467322019467,0.0,0.0,1.0,0.0,0.0,1.0,0.0,1.0,0.0,0.0
52,14,97,4.83,1,66,266.9772170141728,0.0,1.0,0.0,1.0,0.0,0.0,0.0,1.0,0.0,0.0
51,37,34,4.64,0,100,383.3711770715268,1.0,0.0,0.0,0.0,1.0,0.0,1.0,0.0,0.0,0.0
87,52,15,3.57,0,66,266.4336179135411,0.0,0.0,1.0,1.0,0.0,0.0,0.0,0.0,0.0,1.0
91,42,76,4.96,0,86,336.39439243010713,0.0,1.0,0.0,0.0,0.0,1.0,0.0,0.0,1.0,0.0
85,34,66,4.59,1,163,764.8593556145701,1.0,0.0,0.0,0.0,1.0,0.0,0.0,0.0,1.0,0.0
57,21,28,4.93,0,141,588.6941797749441,1.0,0.0,0.0,0.0,0.0,1.0,0.0,0.0,0.0,1.0
28,8,67,3.78,1,58,305.2426676647312,0.0,0.0,1.0,0.0,1.0,0.0,1.0,0.0,0.0,0.0
58,30,32,4.14,0,75,256.37380365626416,0.0,0.0,1.0,0.0,1.0,0.0,0.0,0.0,0.0,1.0
31,9,18,4.42,1,114,461.0193485856391,1.0,0.0,0.0,1.0,0.0,0.0,0.0,0.0,1.0,0.0
27,11,88,4.5,1,144,581.7472844259253,0.0,1.0,0.0,1.0,0.0,0.0,0.0,1.0,0.0,0.0
90,75,88,4.1,0,106,472.5465909334413,0.0,0.0,1.0,1.0,0.0,0.0,1.0,0.0,0.0,0.0
54,8,41,3.89,0,168,573.4835718398938,0.0,1.0,0.0,0.0,1.0,0.0,0.0,0.0,1.0,0.0
23,9,50,3.84,1,34,192.3850221961644,0.0,1.0,0.0,0.0,0.0,1.0,0.0,1.0,0.0,0.0
94,64,62,4.87,0,166,744.0359811402852,0.0,0.0,1.0,0.0,1.0,0.0,0.0,0.0,0.0,1.0
86,20,51,3.75,1,110,412.25746306035046,0.0,1.0,0.0,0.0,0.0,1.0,0.0,0.0,1.0,0.0
79,55,91,4.39,0,48,189.5605649707772,0.0,1.0,0.0,0.0,1.0,0.0,0.0,0.0,1.0,0.0
73,13,93,3.95,0,90,357.0434721850994,0.0,0.0,1.0,0.0,1.0,0.0,0.0,0.0,0.0,1.0
74,23,45,4.07,1,99,417.1740953777763,0.0,0.0,1.0,0.0,1.0,0.0,0.0,0.0,1.0,0.0
26,11,10,4.22,1,69,314.84471031916905,0.0,0.0,1.0,1.0,0.0,0.0,0.0,0.0,1.0,0.0
99,30,74,4.21,1,160,629.9546011362719,0.0,0.0,1.0,0.0,1.0,0.0,0.0,0.0,1.0,0.0
80,42,85,4.22,0,131,473.5617540035448,0.0,0.0,1.0,1.0,0.0,0.0,0.0,0.0,0.0,1.0
78,35,5,4.35,1,100,317.88095784682014,1.0,0.0,0.0,0.0,1.0,0.0,0.0,1.0,0.0,0.0
63,6,29,4.79,1,24,132.49921949173307,0.0,0.0,1.0,1.0,0.0,0.0,0.0,1.0,0.0,0.0
25,8,30,4.44,0,115,430.7858509781543,1.0,0.0,0.0,0.0,1.0,0.0,0.0,0.0,0.0,1.0
100,50,20,4.14,0,127,350.2265835541767,0.0,0.0,1.0,0.0,1.0,0.0,0.0,1.0,0.0,0.0
46,8,32,4.81,0,112,466.42747932165264,0.0,0.0,1.0,0.0,0.0,1.0,1.0,0.0,0.0,0.0
59,29,90,4.3,0,145,651.7303890276737,0.0,0.0,1.0,0.0,1.0,0.0,0.0,0.0,0.0,1.0
21,11,18,4.2,1,49,266.34807324582846,1.0,0.0,0.0,1.0,0.0,0.0,0.0,0.0,1.0,0.0
64,7,48,4.67,0,64,266.38537677090085,1.0,0.0,0.0,0.0,0.0,1.0,0.0,1.0,0.0,0.0
52,22,72,3.6,1,101,303.803226426852,0.0,1.0,0.0,1.0,0.0,0.0,0.0,0.0,1.0,0.0
100,56,67,4.2,0,169,461.9661913503604,0.0,1.0,0.0,0.0,0.0,1.0,0.0,1.0,0.0,0.0
83,72,25,4.62,1,45,201.0575405594342,1.0,0.0,0.0,0.0,1.0,0.0,0.0,0.0,0.0,1.0
89,10,36,4.12,1,13,94.21444738997974,1.0,0.0,0.0,0.0,0.0,1.0,1.0,0.0,0.0,0.0
100,37,47,4.7,0,142,546.8574476673242,1.0,0.0,0.0,0.0,0.0,1.0,1.0,0.0,0.0,0.0
71,7,31,4.83,1,60,292.74683013160404,0.0,0.0,1.0,1.0,0.0,0.0,0.0,0.0,1.0,0.0
94,26,0,3.94,1,40,150.90603765991335,0.0,1.0,0.0,0.0,1.0,0.0,1.0,0.0,0.0,0.0
52,23,41,4.23,0,134,534.90663340905,0.0,0.0,1.0,0.0,1.0,0.0,0.0,1.0,0.0,0.0
27,15,31,4.95,0,103,315.2654030422818,0.0,0.0,1.0,0.0,0.0,1.0,1.0,0.0,0.0,0.0
88,62,62,4.82,0,162,601.2360266422271,0.0,0.0,1.0,0.0,1.0,0.0,1.0,0.0,0.0,0.0
48,38,64,4.97,1,152,701.4695729515377,0.0,1.0,0.0,0.0,0.0,1.0,0.0,0.0,0.0,1.0
53,35,1,3.67,1,88,392.0078846224547,0.0,1.0,0.0,0.0,1.0,0.0,0.0,0.0,1.0,0.0
31,12,34,4.7,0,105,331.8375249153692,0.0,1.0,0.0,1.0,0.0,0.0,0.0,0.0,0.0,1.0
56,34,1,4.56,0,121,307.5259290756184,0.0,1.0,0.0,0.0,0.0,1.0,1.0,0.0,0.0,0.0
48,35,47,4.26,0,26,68.27174499943663,1.0,0.0,0.0,1.0,0.0,0.0,0.0,0.0,1.0,0.0
93,66,22,3.91,0,180,765.4397485645513,0.0,1.0,0.0,0.0,0.0,1.0,0.0,0.0,0.0,1.0
49,18,62,4.92,0,62,168.36628924698925,1.0,0.0,0.0,0.0,0.0,1.0,1.0,0.0,0.0,0.0
72,33,63,4.25,0,132,351.7736189685264,1.0,0.0,0.0,1.0,0.0,0.0,0.0,1.0,0.0,0.0
62,11,37,4.23,1,71,363.3457529659053,0.0,1.0,0.0,1.0,0.0,0.0,0.0,0.0,1.0,0.0
39,15,53,4.6,1,38,201.7146762833217,0.0,1.0,0.0,0.0,1.0,0.0,0.0,1.0,0.0,0.0
67,56,49,4.22,1,23,121.43999901863724,0.0,0.0,1.0,1.0,0.0,0.0,1.0,0.0,0.0,0.0
88,15,39,4.51,0,137,598.7750233051204,0.0,0.0,1.0,0.0,1.0,0.0,1.0,0.0,0.0,0.0
29,16,75,4.11,1,80,371.1242881043308,0.0,0.0,1.0,0.0,0.0,1.0,0.0,0.0,1.0,0.0
100,24,88,4.49,0,56,173.66696747925593,0.0,0.0,1.0,0.0,0.0,1.0,0.0,0.0,0.0,1.0
98,43,62,4.98,0,130,538.5185280064754,0.0,1.0,0.0,1.0,0.0,0.0,0.0,0.0,1.0,0.0
35,10,40,3.54,0,75,281.9625670059949,1.0,0.0,0.0,1.0,0.0,0.0,0.0,0.0,0.0,1.0
58,14,10,3.77,0,95,258.01445968829404,1.0,0.0,0.0,1.0,0.0,0.0,0.0,0.0,1.0,0.0
22,7,53,4.43,1,98,476.2019961536034,0.0,0.0,1.0,1.0,0.0,0.0,0.0,0.0,1.0,0.0
84,37,94,3.83,0,28,124.64550323605349,0.0,1.0,0.0,0.0,1.0,0.0,0.0,0.0,0.0,1.0
91,14,19,4.78,1,19,111.11271494112724,0.0,1.0,0.0,0.0,0.0,1.0,0.0,0.0,0.0,1.0
56,29,67,4.49,0,125,421.8171879075184,0.0,0.0,1.0,1.0,0.0,0.0,1.0,0.0,0.0,0.0
97,21,36,3.72,1,23,134.0510144913575,1.0,0.0,0.0,0.0,1.0,0.0,0.0,1.0,0.0,0.0
57,47,26,3.8,0,30,132.4032477391118,0.0,0.0,1.0,1.0,0.0,0.0,0.0,0.0,1.0,0.0
94,27,100,3.6,1,172,547.9814624298182,0.0,1.0,0.0,0.0,0.0,1.0,0.0,0.0,0.0,1.0
84,6,24,3.74,0,68,281.96824577029594,0.0,1.0,0.0,1.0,0.0,0.0,0.0,0.0,1.0,0.0
40,11,1,4.24,1,35,182.46632143825187,1.0,0.0,0.0,0.0,0.0,1.0,0.0,0.0,0.0,1.0
65,36,20,4.39,1,87,313.7742265682814,0.0,1.0,0.0,0.0,0.0,1.0,0.0,0.0,0.0,1.0
35,22,28,4.88,1,116,422.8866610257602,0.0,0.0,1.0,0.0,0.0,1.0,1.0,0.0,0.0,0.0
40,30,67,4.03,1,143,529.6967147126813,0.0,0.0,1.0,0.0,1.0,0.0,0.0,1.0,0.0,0.0
61,45,6,4.99,0,10,25.993449448411635,0.0,0.0,1.0,0.0,0.0,1.0,0.0,1.0,0.0,0.0
50,14,98,3.52,1,109,351.5699575243088,0.0,0.0,1.0,1.0,0.0,0.0,0.0,0.0,0.0,1.0
98,25,30,4.76,0,60,154.68715967826247,0.0,1.0,0.0,0.0,0.0,1.0,1.0,0.0,0.0,0.0
54,37,41,4.69,1,16,106.59208227583191,0.0,1.0,0.0,0.0,1.0,0.0,1.0,0.0,0.0,0.0
37,13,31,4.66,0,35,132.1665679180113,1.0,0.0,0.0,0.0,1.0,0.0,1.0,0.0,0.0,0.0
78,41,12,4.99,0,22,76.224961221763,0.0,0.0,1.0,0.0,0.0,1.0,1.0,0.0,0.0,0.0
84,21,88,3.5,0,146,598.9400399823005,1.0,0.0,0.0,1.0,0.0,0.0,1.0,0.0,0.0,0.0
44,32,51,4.2,1,168,563.1508995670627,0.0,1.0,0.0,0.0,0.0,1.0,1.0,0.0,0.0,0.0
25,11,92,3.91,0,115,310.1546162756803,0.0,0.0,1.0,0.0,0.0,1.0,0.0,0.0,0.0,1.0
38,13,38,4.46,1,28,145.13756861567325,0.0,0.0,1.0,1.0,0.0,0.0,0.0,1.0,0.0,0.0
85,25,21,4.03,0,73,323.5576857599395,0.0,0.0,1.0,0.0,0.0,1.0,0.0,0.0,1.0,0.0
31,13,87,4.04,0,11,31.565676162125197,0.0,1.0,0.0,1.0,0.0,0.0,0.0,1.0,0.0,0.0
67,6,25,4.45,1,31,144.46263762346956,1.0,0.0,0.0,0.0,1.0,0.0,0.0,1.0,0.0,0.0
77,11,70,3.82,1,63,252.4930471020809,1.0,0.0,0.0,0.0,0.0,1.0,0.0,0.0,0.0,1.0
32,11,30,3.53,1,32,146.51277441611944,0.0,1.0,0.0,0.0,0.0,1.0,1.0,0.0,0.0,0.0
71,30,60,4.83,1,156,501.801349985356,1.0,0.0,0.0,0.0,1.0,0.0,0.0,1.0,0.0,0.0
65,38,13,4.77,1,132,610.7325514755008,0.0,0.0,1.0,0.0,1.0,0.0,0.0,0.0,1.0,0.0
64,29,66,3.79,1,37,194.26239936468437,0.0,0.0,1.0,0.0,0.0,1.0,0.0,0.0,0.0,1.0
48,38,45,4.17,0,87,318.2101259853132,0.0,0.0,1.0,0.0,0.0,1.0,1.0,0.0,0.0,0.0
76,42,95,3.93,0,180,512.6251102173163,1.0,0.0,0.0,1.0,0.0,0.0,0.0,0.0,1.0,0.0
76,53,77,3.67,1,179,555.8919187631545,0.0,0.0,1.0,0.0,1.0,0.0,1.0,0.0,0.0,0.0
71,14,8,4.44,0,76,242.15886076969636,0.0,1.0,0.0,0.0,0.0,1.0,0.0,0.0,0.0,1.0
76,9,64,4.16,0,10,41.40499127744981,0.0,0.0,1.0,0.0,0.0,1.0,0.0,1.0,0.0,0.0
51,14,16,3.51,1,30,180.88655372559683,1.0,0.0,0.0,1.0,0.0,0.0,0.0,0.0,0.0,1.0
88,38,29,3.73,1,167,537.8971058809161,1.0,0.0,0.0,1.0,0.0,0.0,0.0,1.0,0.0,0.0
60,24,5,3.79,1,154,556.6629286327259,1.0,0.0,0.0,1.0,0.0,0.0,1.0,0.0,0.0,0.0
73,55,55,4.2,0,52,158.5563431447304,1.0,0.0,0.0,0.0,1.0,0.0,1.0,0.0,0.0,0.0
23,10,80,3.88,0,22,59.4454065021933,0.0,0.0,1.0,0.0,0.0,1.0,1.0,0.0,0.0,0.0
74,27,51,3.75,1,111,334.1449975015087,0.0,1.0,0.0,0.0,0.0,1.0,0.0,0.0,1.0,0.0
49,6,18,4.41,1,148,443.7750198288772,0.0,1.0,0.0,1.0,0.0,0.0,0.0,0.0,0.0,1.0
31,8,7,3.57,0,35,145.24203735141535,1.0,0.0,0.0,1.0,0.0,0.0,0.0,0.0,0.0,1.0
57,46,42,4.39,0,56,210.6317666138125,1.0,0.0,0.0,0.0,1.0,0.0,0.0,0.0,1.0,0.0
64,19,35,4.02,0,39,152.22919256822726,0.0,1.0,0.0,0.0,1.0,0.0,1.0,0.0,0.0,0.0
86,76,84,4.99,0,149,612.446726848697,0.0,1.0,0.0,0.0,1.0,0.0,0.0,0.0,0.0,1.0
54,28,73,3.56,1,51,250.28588237277447,0.0,1.0,0.0,0.0,1.0,0.0,0.0,0.0,1.0,0.0
85,37,10,3.76,1,61,309.08254473187293,1.0,0.0,0.0,1.0,0.0,0.0,0.0,0.0,0.0,1.0
58,15,14,4.76,1,12,94.1609176991503,1.0,0.0,0.0,0.0,1.0,0.0,0.0,0.0,0.0,1.0
96,27,21,4.37,1,57,243.93730652889337,1.0,0.0,0.0,1.0,0.0,0.0,0.0,0.0,0.0,1.0
58,31,32,4.87,1,85,331.19305388667465,0.0,1.0,0.0,0.0,0.0,1.0,0.0,1.0,0.0,0.0
77,45,88,4.16,0,151,595.2312211886215,0.0,1.0,0.0,0.0,0.0,1.0,0.0,0.0,1.0,0.0
93,73,78,3.81,1,106,465.962681649944,1.0,0.0,0.0,0.0,1.0,0.0,0.0,0.0,0.0,1.0
44,11,56,3.83,1,18,104.75201005936664,1.0,0.0,0.0,0.0,1.0,0.0,1.0,0.0,0.0,0.0
20,10,54,4.12,1,168,784.0551260339382,1.0,0.0,0.0,0.0,1.0,0.0,0.0,0.0,1.0,0.0
70,40,9,3.77,0,130,382.9299378688001,0.0,1.0,0.0,0.0,1.0,0.0,0.0,1.0,0.0,0.0
42,12,92,4.5,0,123,319.2967130915861,1.0,0.0,0.0,1.0,0.0,0.0,1.0,0.0,0.0,0.0
87,33,53,4.15,0,143,640.1373391067773,1.0,0.0,0.0,0.0,1.0,0.0,0.0,1.0,0.0,0.0
70,43,47,4.31,0,57,243.4933853851045,0.0,1.0,0.0,1.0,0.0,0.0,0.0,0.0,1.0,0.0
61,15,29,4.49,0,32,135.005874109167,0.0,0.0,1.0,1.0,0.0,0.0,1.0,0.0,0.0,0.0
71,36,69,4.37,0,110,392.9639432866157,0.0,1.0,0.0,0.0,0.0,1.0,0.0,0.0,1.0,0.0
81,33,41,4.93,1,162,617.2885000560723,0.0,1.0,0.0,0.0,1.0,0.0,1.0,0.0,0.0,0.0
87,64,69,4.55,1,65,310.7883994951958,1.0,0.0,0.0,0.0,0.0,1.0,0.0,1.0,0.0,0.0
85,65,73,4.65,1,165,770.0708908209459,0.0,1.0,0.0,0.0,1.0,0.0,1.0,0.0,0.0,0.0
91,65,40,3.58,0,141,373.50470759834695,0.0,0.0,1.0,0.0,1.0,0.0,0.0,1.0,0.0,0.0
83,57,80,4.6,1,172,814.4195559447121,1.0,0.0,0.0,0.0,0.0,1.0,0.0,0.0,0.0,1.0
64,10,75,3.61,1,155,473.34669329802574,0.0,1.0,0.0,1.0,0.0,0.0,0.0,0.0,1.0,0.0
69,22,25,4.41,1,74,266.76777889406367,1.0,0.0,0.0,0.0,0.0,1.0,0.0,0.0,0.0,1.0
37,12,15,3.73,0,142,369.36165888010754,1.0,0.0,0.0,0.0,0.0,1.0,0.0,1.0,0.0,0.0
93,28,63,3.9,0,38,111.72394123957052,0.0,0.0,1.0,0.0,0.0,1.0,0.0,1.0,0.0,0.0
66,49,42,4.56,0,124,429.94835612457183,1.0,0.0,0.0,1.0,0.0,0.0,1.0,0.0,0.0,0.0
47,36,100,4.2,0,103,414.77830030238334,1.0,0.0,0.0,0.0,0.0,1.0,0.0,0.0,1.0,0.0
71,30,45,4.16,1,53,227.1825700126456,1.0,0.0,0.0,0.0,1.0,0.0,0.0,1.0,0.0,0.0
58,19,47,3.97,0,77,247.4420018201041,0.0,0.0,1.0,0.0,0.0,1.0,0.0,1.0,0.0,0.0
100,18,50,4.89,1,51,213.8232968736634,0.0,1.0,0.0,0.0,0.0,1.0,0.0,0.0,1.0,0.0
94,28,59,4.45,0,173,652.5878909594384,0.0,0.0,1.0,0.0,1.0,0.0,0.0,0.0,0.0,1.0
49,6,23,4.65,1,69,289.6463054085282,1.0,0.0,0.0,0.0,0.0,1.0,0.0,0.0,0.0,1.0
42,7,90,3.67,0,32,123.762469326047,1.0,0.0,0.0,1.0,0.0,0.0,0.0,1.0,0.0,0.0
79,63,56,4.66,1,70,292.5906288976858,0.0,0.0,1.0,1.0,0.0,0.0,0.0,1.0,0.0,0.0
59,5,17,4.97,1,143,440.93951077757487,1.0,0.0,0.0,1.0,0.0,0.0,0.0,1.0,0.0,0.0
54,7,91,3.75,0,97,298.3226183929867,0.0,0.0,1.0,0.0,1.0,0.0,0.0,0.0,0.0,1.0
60,6,65,4.76,0,168,629.2044295696749,1.0,0.0,0.0,0.0,0.0,1.0,0.0,0.0,1.0,0.0
26,13,4,3.63,1,123,441.99619244539696,0.0,1.0,0.0,0.0,0.0,1.0,0.0,0.0,0.0,1.0
90,10,59,4.44,1,147,691.5012905566776,1.0,0.0,0.0,0.0,0.0,1.0,0.0,0.0,1.0,0.0
34,12,38,4.18,0,24,106.94859059241988,0.0,1.0,0.0,0.0,0.0,1.0,1.0,0.0,0.0,0.0
80,34,84,3.8,0,174,561.4385219871201,0.0,1.0,0.0,0.0,0.0,1.0,0.0,0.0,0.0,1.0
21,7,58,4.31,1,75,328.45835687553256,1.0,0.0,0.0,0.0,1.0,0.0,0.0,0.0,1.0,0.0
97,71,52,4.32,0,36,133.38738314122594,0.0,1.0,0.0,0.0,0.0,1.0,0.0,1.0,0.0,0.0
64,7,92,4.58,1,16,114.6992021313152,0.0,1.0,0.0,0.0,1.0,0.0,0.0,1.0,0.0,0.0
47,34,16,4.38,1,46,237.14338896943255,1.0,0.0,0.0,1.0,0.0,0.0,0.0,1.0,0.0,0.0
44,28,30,3.93,1,42,157.10657171647188,1.0,0.0,0.0,1.0,0.0,0.0,0.0,1.0,0.0,0.0
21,9,13,4.01,0,127,431.251597706785,0.0,1.0,0.0,1.0,0.0,0.0,0.0,1.0,0.0,0.0
57,37,59,3.92,0,159,585.8075881778408,0.0,0.0,1.0,1.0,0.0,0.0,0.0,1.0,0.0,0.0
62,5,51,4.4,0,160,647.204374917644,1.0,0.0,0.0,0.0,0.0,1.0,1.0,0.0,0.0,0.0
25,6,60,3.91,1,145,559.578839787104,0.0,0.0,1.0,1.0,0.0,0.0,0.0,1.0,0.0,0.0
92,33,70,3.69,1,46,173.1505322724627,0.0,1.0,0.0,0.0,0.0,1.0,0.0,1.0,0.0,0.0
38,7,46,3.79,0,78,198.17046750812372,1.0,0.0,0.0,1.0,0.0,0.0,0.0,0.0,0.0,1.0
99,31,0,3.54,0,50,192.7088692483722,0.0,0.0,1.0,0.0,0.0,1.0,0.0,0.0,1.0,0.0
35,7,65,4.19,0,65,165.0758241756551,1.0,0.0,0.0,0.0,1.0,0.0,0.0,0.0,0.0,1.0
30,13,53,3.68,1,124,379.4680328899806,0.0,0.0,1.0,1.0,0.0,0.0,0.0,0.0,0.0,1.0
28,6,53,4.48,1,148,461.10955384851616,0.0,0.0,1.0,1.0,0.0,0.0,0.0,0.0,0.0,1.0
59,47,73,3.54,0,75,234.5672445982206,1.0,0.0,0.0,0.0,0.0,1.0,0.0,0.0,0.0,1.0
24,13,50,4.26,1,141,540.0620306756346,0.0,0.0,1.0,0.0,0.0,1.0,0.0,0.0,0.0,1.0
21,6,15,3.81,1,80,318.8415033130425,0.0,1.0,0.0,0.0,1.0,0.0,0.0,1.0,0.0,0.0
84,54,59,4.98,1,43,196.31514152174805,0.0,1.0,0.0,0.0,0.0,1.0,1.0,0.0,0.0,0.0
100,50,83,4.91,1,173,622.4914304114809,0.0,0.0,1.0,0.0,0.0,1.0,0.0,0.0,1.0,0.0
30,11,99,4.96,0,83,349.6745279402746,0.0,0.0,1.0,0.0,0.0,1.0,0.0,1.0,0.0,0.0
45,35,0,4.58,1,41,206.1473318707726,1.0,0.0,0.0,0.0,1.0,0.0,1.0,0.0,0.0,0.0
53,35,35,3.92,1,166,635.9330544824535,0.0,0.0,1.0,1.0,0.0,0.0,1.0,0.0,0.0,0.0
65,41,51,3.57,1,48,251.1121418065252,1.0,0.0,0.0,1.0,0.0,0.0,0.0,0.0,0.0,1.0
93,6,85,4.47,0,107,324.098767437868,1.0,0.0,0.0,0.0,0.0,1.0,0.0,0.0,0.0,1.0
28,5,69,4.49,1,132,425.4887347951667,1.0,0.0,0.0,0.0,1.0,0.0,0.0,0.0,1.0,0.0
38,8,78,3.57,0,114,470.2690237026412,0.0,0.0,1.0,0.0,0.0,1.0,0.0,0.0,0.0,1.0
25,6,69,4.45,1,94,398.051725971793,0.0,0.0,1.0,0.0,1.0,0.0,0.0,1.0,0.0,0.0
76,23,64,3.57,1,115,564.9317250247195,1.0,0.0,0.0,0.0,1.0,0.0,0.0,0.0,0.0,1.0
22,7,73,4.91,1,73,238.31899146487595,0.0,1.0,0.0,1.0,0.0,0.0,0.0,0.0,1.0,0.0
40,5,17,4.55,0,72,184.9552256292673,1.0,0.0,0.0,0.0,0.0,1.0,1.0,0.0,0.0,0.0
89,16,27,4.86,0,161,624.305615960136,0.0,1.0,0.0,0.0,1.0,0.0,1.0,0.0,0.0,0.0
31,21,77,4.83,0,107,389.3845083155804,0.0,1.0,0.0,0.0,0.0,1.0,1.0,0.0,0.0,0.0
92,45,59,4.23,1,121,574.8939389332888,1.0,0.0,0.0,0.0,0.0,1.0,0.0,0.0,1.0,0.0
58,32,92,4.59,1,111,517.9444619823878,0.0,0.0,1.0,1.0,0.0,0.0,1.0,0.0,0.0,0.0
58,20,42,3.51,0,125,527.1792011771714,1.0,0.0,0.0,0.0,0.0,1.0,0.0,1.0,0.0,0.0
36,7,26,4.35,0,59,201.49683080394215,0.0,1.0,0.0,0.0,1.0,0.0,0.0,0.0,1.0,0.0
66,40,93,4.86,0,153,627.0167510146084,1.0,0.0,0.0,0.0,1.0,0.0,0.0,1.0,0.0,0.0
76,54,58,4.05,0,74,218.6251778894482,0.0,0.0,1.0,0.0,1.0,0.0,0.0,1.0,0.0,0.0
55,23,46,4.58,1,150,654.676536309137,0.0,0.0,1.0,1.0,0.0,0.0,1.0,0.0,0.0,0.0
21,8,57,4.78,1,84,293.5602166445157,0.0,0.0,1.0,0.0,1.0,0.0,0.0,0.0,0.0,1.0
61,45,42,4.25,0,102,421.98526198279467,1.0,0.0,0.0,1.0,0.0,0.0,1.0,0.0,0.0,0.0
72,62,48,3.82,0,126,553.7408048680613,0.0,1.0,0.0,0.0,1.0,0.0,0.0,1.0,0.0,0.0
65,18,65,4.01,0,111,330.62430999065225,1.0,0.0,0.0,1.0,0.0,0.0,0.0,0.0,1.0,0.0
20,8,27,4.99,0,83,261.4451502998812,1.0,0.0,0.0,0.0,0.0,1.0,0.0,0.0,1.0,0.0
22,7,16,4.1,0,147,520.0637873298249,0.0,1.0,0.0,0.0,0.0,1.0,0.0,0.0,0.0,1.0
72,49,15,4.34,1,19,117.63327810103034,0.0,1.0,0.0,1.0,0.0,0.0,0.0,0.0,0.0,1.0
42,30,26,4.79,0,138,493.0149508584995,0.0,0.0,1.0,0.0,1.0,0.0,1.0,0.0,0.0,0.0
100,54,91,4.59,1,61,203.1132957396489,0.0,1.0,0.0,0.0,1.0,0.0,0.0,0.0,0.0,1.0
87,32,38,4.76,0,114,421.7762985074602,0.0,1.0,0.0,0.0,0.0,1.0,1.0,0.0,0.0,0.0
36,8,47,4.07,0,77,305.0088858607341,0.0,0.0,1.0,1.0,0.0,0.0,1.0,0.0,0.0,0.0
70,38,99,4.19,0,76,317.77188818101894,0.0,0.0,1.0,0.0,0.0,1.0,0.0,0.0,1.0,0.0
41,7,4,4.15,0,83,364.9140560714328,0.0,0.0,1.0,1.0,0.0,0.0,0.0,0.0,0.0,1.0
59,40,64,4.72,0,157,398.3194964103068,1.0,0.0,0.0,1.0,0.0,0.0,0.0,0.0,0.0,1.0
33,14,38,4.89,0,127,461.3060120664082,0.0,0.0,1.0,0.0,1.0,0.0,0.0,0.0,1.0,0.0
70,26,15,3.67,1,70,358.2348071386952,0.0,0.0,1.0,0.0,0.0,1.0,0.0,0.0,0.0,1.0
45,7,87,4.35,0,74,224.3071067625652,1.0,0.0,0.0,0.0,1.0,0.0,0.0,1.0,0.0,0.0
98,71,83,4.55,0,139,558.3815496134125,0.0,1.0,0.0,0.0,1.0,0.0,0.0,0.0,1.0,0.0
75,63,42,4.55,1,138,660.4425622593634,0.0,0.0,1.0,1.0,0.0,0.0,0.0,1.0,0.0,0.0
100,34,33,4.75,0,156,537.4486716625657,1.0,0.0,0.0,1.0,0.0,0.0,0.0,0.0,0.0,1.0
76,23,53,3.94,0,117,480.104370355134,0.0,0.0,1.0,0.0,0.0,1.0,0.0,1.0,0.0,0.0
32,12,69,3.68,0,55,162.28310451017555,0.0,0.0,1.0,0.0,0.0,1.0,0.0,0.0,1.0,0.0
35,23,58,3.78,0,164,638.0445145215127,0.0,1.0,0.0,1.0,0.0,0.0,1.0,0.0,0.0,0.0
30,16,89,3.63,0,142,420.1110979571745,0.0,1.0,0.0,1.0,0.0,0.0,1.0,0.0,0.0,0.0
75,56,66,3.69,1,22,124.49060049402551,0.0,0.0,1.0,0.0,1.0,0.0,0.0,1.0,0.0,0.0
25,6,23,3.95,1,55,235.27811761739352,1.0,0.0,0.0,0.0,1.0,0.0,0.0,0.0,1.0,0.0
88,16,26,4.18,0,32,127.33149010162909,0.0,1.0,0.0,1.0,0.0,0.0,0.0,0.0,1.0,0.0
43,26,69,4.9,0,107,391.0269903920518,1.0,0.0,0.0,0.0,0.0,1.0,0.0,1.0,0.0,0.0
39,20,97,4.25,0,121,319.5430197104816,1.0,0.0,0.0,0.0,0.0,1.0,0.0,0.0,1.0,0.0
77,63,72,4.56,0,113,380.2853707615285,0.0,1.0,0.0,1.0,0.0,0.0,0.0,0.0,1.0,0.0
41,14,59,4.72,1,49,179.62342246641472,0.0,1.0,0.0,0.0,0.0,1.0,0.0,0.0,1.0,0.0
51,20,97,4.8,0,130,452.112640122952,1.0,0.0,0.0,0.0,0.0,1.0,0.0,0.0,1.0,0.0
30,10,86,4.95,0,149,565.6691466337952,0.0,1.0,0.0,1.0,0.0,0.0,0.0,1.0,0.0,0.0
29,8,52,4.68,1,121,402.1558775823215,0.0,0.0,1.0,1.0,0.0,0.0,1.0,0.0,0.0,0.0
21,5,8,4.44,1,159,689.8421599513094,1.0,0.0,0.0,1.0,0.0,0.0,1.0,0.0,0.0,0.0
50,15,62,4.51,0,83,307.6469280930268,0.0,1.0,0.0,0.0,1.0,0.0,0.0,0.0,0.0,1.0
61,42,11,3.72,0,52,186.5262770863605,1.0,0.0,0.0,1.0,0.0,0.0,0.0,0.0,0.0,1.0
67,5,81,4.53,1,14,91.06777716361007,0.0,1.0,0.0,0.0,0.0,1.0,0.0,0.0,1.0,0.0
73,22,26,4.99,0,33,143.8549860520897,0.0,1.0,0.0,0.0,1.0,0.0,0.0,0.0,0.0,1.0
35,18,27,3.82,0,158,553.837359075948,0.0,0.0,1.0,1.0,0.0,0.0,0.0,0.0,1.0,0.0
96,58,25,3.61,0,85,336.56848365859423,0.0,0.0,1.0,0.0,0.0,1.0,0.0,0.0,1.0,0.0
38,28,8,4.83,0,29,95.02020685904614,0.0,0.0,1.0,1.0,0.0,0.0,0.0,0.0,1.0,0.0
75,28,6,4.02,1,171,575.0117219060105,0.0,0.0,1.0,1.0,0.0,0.0,0.0,1.0,0.0,0.0
57,26,92,4.11,1,58,264.675747588135,0.0,1.0,0.0,0.0,0.0,1.0,1.0,0.0,0.0,0.0
36,10,65,3.54,0,53,185.61792391524813,1.0,0.0,0.0,1.0,0.0,0.0,0.0,0.0,0.0,1.0
73,27,98,3.97,0,57,251.1556502722435,1.0,0.0,0.0,1.0,0.0,0.0,0.0,1.0,0.0,0.0
68,29,51,3.99,0,110,299.689056274687,1.0,0.0,0.0,1.0,0.0,0.0,0.0,1.0,0.0,0.0
25,9,11,3.58,0,31,92.65681121424488,1.0,0.0,0.0,1.0,0.0,0.0,0.0,0.0,0.0,1.0
97,25,95,4.91,1,101,332.2293764400841,0.0,0.0,1.0,0.0,1.0,0.0,0.0,0.0,0.0,1.0
30,7,85,3.74,0,44,184.11208970364285,1.0,0.0,0.0,0.0,1.0,0.0,0.0,1.0,0.0,0.0
83,7,24,4.9,1,24,124.5817744544144,0.0,1.0,0.0,1.0,0.0,0.0,0.0,0.0,1.0,0.0
27,5,2,4.3,0,22,60.98181721983856,1.0,0.0,0.0,1.0,0.0,0.0,0.0,1.0,0.0,0.0
58,21,72,4.14,0,10,35.88598786056829,0.0,1.0,0.0,1.0,0.0,0.0,1.0,0.0,0.0,0.0
32,15,67,3.76,1,23,132.12301879164062,0.0,0.0,1.0,1.0,0.0,0.0,0.0,1.0,0.0,0.0
76,8,40,4.68,0,157,561.5796822292014,0.0,0.0,1.0,1.0,0.0,0.0,1.0,0.0,0.0,0.0
21,9,38,4.54,0,179,546.3787898746884,0.0,1.0,0.0,0.0,1.0,0.0,0.0,0.0,1.0,0.0
47,37,53,4.69,0,41,147.4597413359118,0.0,0.0,1.0,1.0,0.0,0.0,0.0,0.0,0.0,1.0
33,20,97,4.13,1,169,668.8922140357987,0.0,1.0,0.0,0.0,1.0,0.0,0.0,0.0,1.0,0.0
92,66,26,3.56,0,19,62.06928479024478,1.0,0.0,0.0,0.0,0.0,1.0,0.0,1.0,0.0,0.0
24,7,34,3.51,1,111,477.7411361723483,1.0,0.0,0.0,0.0,0.0,1.0,1.0,0.0,0.0,0.0
75,9,71,4.06,0,150,411.0057654245888,1.0,0.0,0.0,1.0,0.0,0.0,0.0,0.0,0.0,1.0
89,76,35,4.8,1,177,650.2985711974341,0.0,0.0,1.0,1.0,0.0,0.0,0.0,0.0,0.0,1.0
67,20,42,4.13,0,68,243.22861759627588,0.0,0.0,1.0,0.0,1.0,0.0,0.0,1.0,0.0,0.0
61,23,51,4.73,1,150,680.9330686248741,0.0,1.0,0.0,0.0,0.0,1.0,0.0,1.0,0.0,0.0
80,67,80,4.74,0,147,432.30725774113824,1.0,0.0,0.0,0.0,1.0,0.0,0.0,0.0,0.0,1.0
66,15,62,4.59,0,161,720.729944900258,0.0,1.0,0.0,1.0,0.0,0.0,0.0,0.0,0.0,1.0
39,12,54,3.77,1,176,510.4543750320455,0.0,1.0,0.0,0.0,1.0,0.0,0.0,0.0,1.0,0.0
46,22,9,4.33,0,128,522.7974318549136,0.0,0.0,1.0,0.0,1.0,0.0,0.0,0.0,1.0,0.0
89,74,41,4.89,1,115,432.16279228896633,1.0,0.0,0.0,0.0,0.0,1.0,0.0,0.0,1.0,0.0
60,16,56,4.33,1,126,382.4570671338528,0.0,0.0,1.0,1.0,0.0,0.0,0.0,0.0,0.0,1.0
58,13,99,3.62,1,106,351.43931589566165,1.0,0.0,0.0,0.0,1.0,0.0,0.0,0.0,1.0,0.0
68,16,93,4.44,1,154,510.19578633034166,0.0,0.0,1.0,0.0,0.0,1.0,0.0,0.0,1.0,0.0
45,19,71,3.72,0,121,313.92644056486665,0.0,1.0,0.0,0.0,0.0,1.0,0.0,0.0,0.0,1.0
91,61,100,4.88,0,101,372.2298219510593,0.0,1.0,0.0,1.0,0.0,0.0,0.0,0.0,0.0,1.0
39,12,70,4.02,1,66,314.46800852423786,0.0,0.0,1.0,0.0,1.0,0.0,0.0,0.0,1.0,0.0
97,9,58,4.32,1,142,491.5779538643877,1.0,0.0,0.0,1.0,0.0,0.0,0.0,1.0,0.0,0.0
42,18,39,3.94,0,128,527.1558943563921,0.0,1.0,0.0,0.0,0.0,1.0,1.0,0.0,0.0,0.0
27,15,11,3.77,0,111,432.849396942834,0.0,0.0,1.0,1.0,0.0,0.0,0.0,1.0,0.0,0.0
67,48,94,4.3,1,168,544.6027807887253,1.0,0.0,0.0,0.0,1.0,0.0,0.0,1.0,0.0,0.0
69,51,75,3.57,1,136,470.18271352951473,0.0,0.0,1.0,0.0,1.0,0.0,0.0,0.0,0.0,1.0
69,47,65,4.22,0,18,53.5391040086766,0.0,0.0,1.0,0.0,1.0,0.0,0.0,0.0,0.0,1.0
93,18,34,3.54,0,80,352.0685727015968,0.0,1.0,0.0,1.0,0.0,0.0,1.0,0.0,0.0,0.0
84,74,7,4.4,1,101,396.3698341114785,0.0,1.0,0.0,0.0,1.0,0.0,1.0,0.0,0.0,0.0
96,48,41,4.39,0,130,367.7829980600229,0.0,0.0,1.0,1.0,0.0,0.0,0.0,0.0,1.0,0.0
30,13,72,4.18,1,113,352.9356730761453,0.0,1.0,0.0,1.0,0.0,0.0,0.0,0.0,0.0,1.0
60,48,15,4.06,0,78,339.1055825696459,0.0,1.0,0.0,0.0,1.0,0.0,0.0,0.0,1.0,0.0
72,39,39,3.77,1,115,347.8959667426787,0.0,0.0,1.0,0.0,1.0,0.0,0.0,0.0,0.0,1.0
31,13,82,4.63,0,108,469.2509135918648,0.0,1.0,0.0,0.0,1.0,0.0,0.0,0.0,1.0,0.0
71,13,60,4.3,1,62,213.8430201203033,1.0,0.0,0.0,0.0,0.0,1.0,0.0,0.0,0.0,1.0
91,61,86,4.44,1,129,567.5392184514062,1.0,0.0,0.0,0.0,0.0,1.0,0.0,0.0,1.0,0.0
91,60,2,3.53,1,107,492.179013222281,1.0,0.0,0.0,1.0,0.0,0.0,0.0,1.0,0.0,0.0
32,6,13,4.75,0,53,173.88747446193491,0.0,0.0,1.0,0.0,0.0,1.0,1.0,0.0,0.0,0.0
23,10,47,4.84,0,125,418.10682439062094,0.0,1.0,0.0,1.0,0.0,0.0,0.0,1.0,0.0,0.0
61,47,100,4.58,1,157,658.3040013013618,0.0,1.0,0.0,0.0,0.0,1.0,0.0,0.0,0.0,1.0
57,40,78,3.62,0,171,764.5953413909641,0.0,0.0,1.0,0.0,1.0,0.0,1.0,0.0,0.0,0.0
89,70,86,4.51,0,90,384.2092919756728,0.0,1.0,0.0,1.0,0.0,0.0,1.0,0.0,0.0,0.0
64,45,22,3.96,1,118,404.6018875393623,1.0,0.0,0.0,1.0,0.0,0.0,0.0,0.0,0.0,1.0
91,29,82,3.73,1,90,446.81702579708536,0.0,0.0,1.0,0.0,1.0,0.0,1.0,0.0,0.0,0.0
91,53,67,4.56,0,50,158.1067231747087,0.0,1.0,0.0,1.0,0.0,0.0,0.0,0.0,0.0,1.0
69,37,47,4.39,1,60,284.2362895344896,0.0,1.0,0.0,0.0,1.0,0.0,0.0,1.0,0.0,0.0
71,61,79,3.85,0,147,591.2989763287625,0.0,1.0,0.0,0.0,1.0,0.0,1.0,0.0,0.0,0.0
38,7,28,3.85,0,12,36.00027803358747,1.0,0.0,0.0,0.0,0.0,1.0,0.0,1.0,0.0,0.0
100,32,67,3.94,1,162,581.1370845965885,0.0,1.0,0.0,0.0,1.0,0.0,0.0,1.0,0.0,0.0
65,51,97,4.81,1,144,588.1367698544636,0.0,1.0,0.0,1.0,0.0,0.0,0.0,0.0,0.0,1.0
73,38,91,4.23,1,86,400.2673330229722,0.0,0.0,1.0,0.0,1.0,0.0,0.0,1.0,0.0,0.0
56,25,87,3.73,1,172,575.4102708388258,0.0,1.0,0.0,0.0,1.0,0.0,0.0,1.0,0.0,0.0
75,55,80,4.7,0,69,190.9788526811355,1.0,0.0,0.0,0.0,0.0,1.0,0.0,0.0,1.0,0.0
97,21,43,3.79,1,106,398.1593839328215,0.0,0.0,1.0,0.0,1.0,0.0,1.0,0.0,0.0,0.0
94,71,48,4.73,1,169,770.8733244527833,1.0,0.0,0.0,0.0,1.0,0.0,0.0,0.0,0.0,1.0
53,22,28,4.99,1,64,211.0820229741896,0.0,0.0,1.0,0.0,0.0,1.0,1.0,0.0,0.0,0.0
81,8,78,4.8,1,141,618.4288567281086,1.0,0.0,0.0,0.0,0.0,1.0,1.0,0.0,0.0,0.0
47,34,87,3.53,1,170,739.2271199769044,1.0,0.0,0.0,0.0,0.0,1.0,0.0,0.0,1.0,0.0
80,48,13,4.44,0,35,128.7410738814351,0.0,1.0,0.0,0.0,1.0,0.0,0.0,0.0,0.0,1.0
75,55,54,4.73,1,145,584.4917299915722,1.0,0.0,0.0,1.0,0.0,0.0,0.0,0.0,0.0,1.0
89,12,42,4.73,0,102,328.31398217312767,0.0,0.0,1.0,0.0,0.0,1.0,1.0,0.0,0.0,0.0
30,13,8,4.1,0,94,274.6803754439265,1.0,0.0,0.0,1.0,0.0,0.0,1.0,0.0,0.0,0.0
64,5,91,4.34,1,21,108.2430435427408,1.0,0.0,0.0,1.0,0.0,0.0,0.0,1.0,0.0,0.0
55,29,92,4.85,0,44,181.78093960037765,0.0,1.0,0.0,1.0,0.0,0.0,0.0,0.0,1.0,0.0
94,76,26,4.7,1,94,405.317954516569,0.0,1.0,0.0,1.0,0.0,0.0,0.0,0.0,1.0,0.0
53,28,6,3.67,0,178,775.7916851510323,0.0,0.0,1.0,1.0,0.0,0.0,0.0,1.0,0.0,0.0
29,7,68,3.98,0,114,289.1296809487768,0.0,1.0,0.0,0.0,1.0,0.0,0.0,0.0,1.0,0.0
29,17,76,3.61,0,166,674.132847635612,0.0,0.0,1.0,0.0,0.0,1.0,0.0,0.0,1.0,0.0
75,42,38,4.25,0,146,479.11995337350106,0.0,1.0,0.0,0.0,0.0,1.0,1.0,0.0,0.0,0.0
74,53,60,3.93,0,162,676.4404324115253,0.0,1.0,0.0,0.0,1.0,0.0,0.0,0.0,0.0,1.0
89,75,10,4.91,0,16,54.44953818628992,0.0,0.0,1.0,0.0,0.0,1.0,0.0,1.0,0.0,0.0
29,13,44,4.29,1,87,267.7404170012178,0.0,1.0,0.0,1.0,0.0,0.0,0.0,1.0,0.0,0.0
40,20,45,4.42,1,130,445.4842486108808,1.0,0.0,0.0,0.0,0.0,1.0,0.0,1.0,0.0,0.0
79,11,1,4.35,1,45,210.25675967194184,0.0,0.0,1.0,0.0,1.0,0.0,0.0,0.0,0.0,1.0
98,87,87,4.28,1,170,603.8458024755097,0.0,0.0,1.0,1.0,0.0,0.0,1.0,0.0,0.0,0.0
95,76,74,4.39,0,118,464.9915827255092,0.0,0.0,1.0,0.0,1.0,0.0,0.0,0.0,0.0,1.0
79,13,67,4.05,1,151,514.9363491532515,1.0,0.0,0.0,1.0,0.0,0.0,0.0,1.0,0.0,0.0
38,22,18,4.17,1,121,450.5387531372676,0.0,1.0,0.0,0.0,1.0,0.0,0.0,0.0,0.0,1.0
83,41,48,3.64,0,176,741.3443926126964,0.0,1.0,0.0,0.0,0.0,1.0,0.0,1.0,0.0,0.0
59,24,40,4.0,1,147,631.6312970255759,0.0,1.0,0.0,0.0,1.0,0.0,1.0,0.0,0.0,0.0
51,11,72,3.62,0,16,71.21364105240121,0.0,1.0,0.0,0.0,1.0,0.0,1.0,0.0,0.0,0.0
64,46,51,5.0,1,29,144.60138253530263,1.0,0.0,0.0,0.0,0.0,1.0,0.0,1.0,0.0,0.0
30,6,93,3.81,0,129,505.92196882791006,1.0,0.0,0.0,0.0,1.0,0.0,0.0,1.0,0.0,0.0
60,15,95,4.84,0,180,726.3339146351499,0.0,1.0,0.0,0.0,1.0,0.0,1.0,0.0,0.0,0.0
75,51,17,4.83,1,79,283.4132787585248,1.0,0.0,0.0,0.0,1.0,0.0,1.0,0.0,0.0,0.0
25,15,88,4.68,1,31,148.18648820169864,0.0,1.0,0.0,0.0,1.0,0.0,1.0,0.0,0.0,0.0
46,31,67,3.53,0,61,158.59209307103367,0.0,1.0,0.0,1.0,0.0,0.0,0.0,0.0,1.0,0.0
48,11,86,3.55,0,15,57.89462608061131,0.0,0.0,1.0,0.0,1.0,0.0,0.0,0.0,0.0,1.0
51,6,64,4.57,0,34,142.5577269374603,1.0,0.0,0.0,1.0,0.0,0.0,0.0,0.0,1.0,0.0
68,23,96,4.77,0,105,359.128113102171,0.0,1.0,0.0,1.0,0.0,0.0,0.0,0.0,1.0,0.0
89,8,18,3.83,0,121,407.5520587692045,0.0,1.0,0.0,0.0,0.0,1.0,0.0,0.0,1.0,0.0
84,55,1,4.47,0,146,487.3991192361553,0.0,1.0,0.0,0.0,1.0,0.0,1.0,0.0,0.0,0.0
50,8,25,3.8,1,13,89.61312852216915,1.0,0.0,0.0,0.0,1.0,0.0,0.0,1.0,0.0,0.0
99,40,26,4.83,1,151,510.6580782397596,0.0,0.0,1.0,1.0,0.0,0.0,0.0,1.0,0.0,0.0
21,9,91,4.82,0,47,171.6271185714875,0.0,0.0,1.0,1.0,0.0,0.0,0.0,0.0,1.0,0.0
53,19,54,3.84,0,132,520.5653406452625,0.0,1.0,0.0,0.0,0.0,1.0,0.0,1.0,0.0,0.0
60,16,68,4.23,0,108,458.096326804516,0.0,0.0,1.0,1.0,0.0,0.0,0.0,0.0,0.0,1.0
32,22,9,4.68,1,135,530.1491563778454,0.0,1.0,0.0,0.0,0.0,1.0,0.0,0.0,0.0,1.0
51,25,21,4.43,1,38,200.2582591219043,1.0,0.0,0.0,0.0,1.0,0.0,0.0,1.0,0.0,0.0
22,5,75,4.39,1,19,128.0167601925525,0.0,0.0,1.0,0.0,1.0,0.0,0.0,0.0,0.0,1.0
21,7,6,4.96,1,180,836.1164185613576,1.0,0.0,0.0,0.0,1.0,0.0,1.0,0.0,0.0,0.0
55,21,49,4.59,0,111,471.0890518884983,1.0,0.0,0.0,0.0,0.0,1.0,0.0,0.0,1.0,0.0
42,31,32,4.75,0,12,50.6401755820817,1.0,0.0,0.0,1.0,0.0,0.0,0.0,0.0,0.0,1.0
86,26,31,3.69,0,85,263.1611767019543,1.0,0.0,0.0,0.0,0.0,1.0,1.0,0.0,0.0,0.0
48,18,60,4.47,1,124,524.1655595085831,1.0,0.0,0.0,0.0,0.0,1.0,1.0,0.0,0.0,0.0
82,65,43,4.8,1,112,330.2265438250878,0.0,0.0,1.0,1.0,0.0,0.0,0.0,0.0,0.0,1.0
63,48,88,4.09,0,70,212.7407519371268,1.0,0.0,0.0,0.0,1.0,0.0,0.0,0.0,1.0,0.0
44,24,83,3.61,0,13,48.92895253547415,0.0,0.0,1.0,0.0,1.0,0.0,0.0,0.0,0.0,1.0
39,18,78,4.21,0,165,734.3951190125542,0.0,1.0,0.0,1.0,0.0,0.0,1.0,0.0,0.0,0.0
23,7,98,4.35,0,76,281.33950234360725,1.0,0.0,0.0,1.0,0.0,0.0,0.0,0.0,1.0,0.0
31,7,27,4.73,1,141,476.28985780068655,1.0,0.0,0.0,0.0,0.0,1.0,0.0,0.0,1.0,0.0
44,7,55,3.66,1,103,490.3421583214189,1.0,0.0,0.0,0.0,1.0,0.0,0.0,0.0,0.0,1.0
23,5,92,3.71,0,105,363.4447759027239,0.0,0.0,1.0,1.0,0.0,0.0,0.0,0.0,0.0,1.0
63,46,36,4.59,0,18,49.83993575677632,0.0,0.0,1.0,0.0,0.0,1.0,0.0,0.0,1.0,0.0
25,15,15,4.18,1,176,516.8295590439432,0.0,0.0,1.0,1.0,0.0,0.0,0.0,0.0,1.0,0.0
27,11,1,4.34,0,99,262.6864663772181,1.0,0.0,0.0,0.0,1.0,0.0,0.0,0.0,0.0,1.0
57,28,27,4.58,0,107,423.5098573724167,0.0,0.0,1.0,1.0,0.0,0.0,1.0,0.0,0.0,0.0
83,26,77,3.62,1,74,373.975635759196,0.0,1.0,0.0,1.0,0.0,0.0,0.0,0.0,0.0,1.0
80,5,53,3.67,1,48,184.24294467848267,0.0,1.0,0.0,0.0,1.0,0.0,0.0,1.0,0.0,0.0
50,40,61,4.7,1,73,319.11098294212263,1.0,0.0,0.0,0.0,0.0,1.0,0.0,1.0,0.0,0.0
84,8,21,4.63,0,172,549.2008068168793,1.0,0.0,0.0,1.0,0.0,0.0,0.0,0.0,0.0,1.0
90,54,1,3.59,1,87,427.8571629452071,1.0,0.0,0.0,0.0,1.0,0.0,1.0,0.0,0.0,0.0
28,9,68,4.82,1,43,164.316390505398,0.0,0.0,1.0,0.0,0.0,1.0,0.0,1.0,0.0,0.0
97,64,62,3.52,1,152,638.1340201838489,1.0,0.0,0.0,0.0,0.0,1.0,0.0,0.0,1.0,0.0
99,22,7,4.4,0,39,131.44358716419623,0.0,1.0,0.0,0.0,0.0,1.0,0.0,0.0,1.0,0.0
96,53,58,4.28,0,21,55.6373707994896,1.0,0.0,0.0,0.0,1.0,0.0,1.0,0.0,0.0,0.0
88,69,89,3.6,1,107,467.92749485577286,1.0,0.0,0.0,1.0,0.0,0.0,0.0,1.0,0.0,0.0
53,17,78,4.03,1,26,120.24719290813758,1.0,0.0,0.0,0.0,0.0,1.0,1.0,0.0,0.0,0.0
28,14,77,3.58,0,98,374.65518279544045,1.0,0.0,0.0,0.0,0.0,1.0,1.0,0.0,0.0,0.0
59,21,97,3.6,1,67,269.44414015954374,1.0,0.0,0.0,0.0,1.0,0.0,1.0,0.0,0.0,0.0
50,27,100,4.22,1,173,685.6696935694298,0.0,1.0,0.0,1.0,0.0,0.0,0.0,0.0,1.0,0.0
89,8,40,3.59,1,151,528.0024896243917,0.0,0.0,1.0,1.0,0.0,0.0,0.0,0.0,1.0,0.0
83,34,96,4.71,1,176,812.0729938599545,0.0,0.0,1.0,0.0,0.0,1.0,0.0,1.0,0.0,0.0
73,14,28,4.31,0,29,118.97305838669006,0.0,0.0,1.0,1.0,0.0,0.0,0.0,1.0,0.0,0.0
76,35,8,4.89,1,138,406.5899107855241,0.0,1.0,0.0,0.0,1.0,0.0,1.0,0.0,0.0,0.0
56,35,33,3.97,0,47,134.77582951421903,1.0,0.0,0.0,0.0,0.0,1.0,0.0,0.0,1.0,0.0
40,20,11,4.4,0,83,343.79851998722387,1.0,0.0,0.0,0.0,1.0,0.0,1.0,0.0,0.0,0.0
27,6,92,3.73,1,125,460.2837624776103,0.0,0.0,1.0,0.0,0.0,1.0,0.0,0.0,0.0,1.0
32,7,79,4.05,0,83,306.390461217286,0.0,0.0,1.0,0.0,1.0,0.0,0.0,0.0,1.0,0.0
48,24,35,4.2,1,51,251.4211394087152,0.0,0.0,1.0,0.0,0.0,1.0,0.0,0.0,0.0,1.0
71,41,31,3.81,1,140,614.63671317069,0.0,0.0,1.0,1.0,0.0,0.0,1.0,0.0,0.0,0.0
53,6,74,4.12,0,76,231.1651667910225,1.0,0.0,0.0,0.0,0.0,1.0,0.0,0.0,0.0,1.0
87,44,61,3.87,1,16,117.76366453355408,1.0,0.0,0.0,0.0,0.0,1.0,0.0,1.0,0.0,0.0
36,16,82,4.62,1,72,253.4912438007839,0.0,0.0,1.0,0.0,1.0,0.0,1.0,0.0,0.0,0.0
39,20,71,4.11,0,111,404.5983991889042,1.0,0.0,0.0,1.0,0.0,0.0,0.0,0.0,1.0,0.0
91,81,15,4.68,1,20,135.1772701347079,1.0,0.0,0.0,1.0,0.0,0.0,0.0,1.0,0.0,0.0
31,18,46,4.86,0,128,360.8585507409454,0.0,0.0,1.0,0.0,1.0,0.0,0.0,0.0,0.0,1.0
94,67,34,4.64,1,64,231.3263184773236,0.0,1.0,0.0,0.0,0.0,1.0,0.0,0.0,0.0,1.0
83,18,12,4.98,0,81,286.409294385432,0.0,0.0,1.0,1.0,0.0,0.0,0.0,0.0,1.0,0.0
34,9,65,4.69,1,107,508.7118174567975,0.0,0.0,1.0,0.0,0.0,1.0,1.0,0.0,0.0,0.0
32,6,75,4.47,1,154,721.7212691270341,1.0,0.0,0.0,1.0,0.0,0.0,0.0,0.0,1.0,0.0
22,7,15,3.53,1,180,552.2693747461685,0.0,0.0,1.0,1.0,0.0,0.0,0.0,1.0,0.0,0.0
49,20,52,4.74,1,162,510.62689141008207,1.0,0.0,0.0,0.0,0.0,1.0,1.0,0.0,0.0,0.0
61,38,95,3.5,0,164,415.9794524398186,0.0,0.0,1.0,0.0,0.0,1.0,0.0,0.0,0.0,1.0
21,9,48,4.4,1,152,660.0597080304599,0.0,0.0,1.0,1.0,0.0,0.0,1.0,0.0,0.0,0.0
40,18,16,4.59,1,157,644.0445755475266,0.0,0.0,1.0,0.0,0.0,1.0,1.0,0.0,0.0,0.0
22,6,82,4.3,1,172,710.884313751738,0.0,0.0,1.0,0.0,0.0,1.0,0.0,0.0,1.0,0.0
34,11,66,4.59,0,134,478.20015364109577,0.0,1.0,0.0,1.0,0.0,0.0,0.0,0.0,1.0,0.0
56,31,9,4.79,1,167,744.4180991800615,1.0,0.0,0.0,0.0,0.0,1.0,1.0,0.0,0.0,0.0
93,36,60,4.63,0,111,478.7697584495512,0.0,0.0,1.0,1.0,0.0,0.0,1.0,0.0,0.0,0.0
38,9,57,4.26,1,16,104.0560727191975,0.0,1.0,0.0,1.0,0.0,0.0,0.0,0.0,1.0,0.0
76,26,74,4.18,1,159,486.1839276370279,0.0,1.0,0.0,0.0,0.0,1.0,0.0,1.0,0.0,0.0
47,24,11,3.62,1,148,657.0936874279021,0.0,1.0,0.0,0.0,0.0,1.0,0.0,0.0,0.0,1.0
64,10,62,4.98,0,38,96.3007413779792,0.0,0.0,1.0,0.0,0.0,1.0,0.0,1.0,0.0,0.0
56,10,28,3.8,0,144,609.9082747031204,1.0,0.0,0.0,1.0,0.0,0.0,1.0,0.0,0.0,0.0
44,25,32,4.43,1,154,502.1012063441772,1.0,0.0,0.0,0.0,0.0,1.0,0.0,0.0,0.0,1.0
34,6,11,3.75,0,179,465.719058488387,1.0,0.0,0.0,0.0,1.0,0.0,0.0,0.0,1.0,0.0
45,18,70,3.84,0,122,308.43591786214927,0.0,1.0,0.0,0.0,0.0,1.0,0.0,0.0,0.0,1.0
31,7,22,4.88,1,172,806.0212701919081,1.0,0.0,0.0,0.0,1.0,0.0,1.0,0.0,0.0,0.0
95,28,34,4.48,0,163,576.9675719994219,1.0,0.0,0.0,0.0,1.0,0.0,0.0,1.0,0.0,0.0
82,59,39,3.5,1,67,284.2944207006542,1.0,0.0,0.0,0.0,1.0,0.0,0.0,0.0,0.0,1.0
95,38,39,3.71,1,97,478.3662772118347,0.0,0.0,1.0,0.0,0.0,1.0,1.0,0.0,0.0,0.0
27,12,1,4.93,0,41,119.4823999754907,0.0,1.0,0.0,0.0,0.0,1.0,0.0,1.0,0.0,0.0
94,23,71,4.15,1,154,532.5097779421501,0.0,1.0,0.0,0.0,1.0,0.0,0.0,0.0,0.0,1.0
66,15,88,4.21,1,65,291.9008795114952,0.0,0.0,1.0,0.0,0.0,1.0,0.0,1.0,0.0,0.0
40,6,37,4.75,1,148,707.8553931548287,1.0,0.0,0.0,1.0,0.0,0.0,1.0,0.0,0.0,0.0
56,27,62,4.74,1,129,435.7154538108565,0.0,1.0,0.0,0.0,0.0,1.0,0.0,1.0,0.0,0.0
54,6,48,4.26,0,154,504.0841142440527,0.0,1.0,0.0,1.0,0.0,0.0,0.0,0.0,1.0,0.0
46,15,96,4.69,1,116,497.3770093020007,0.0,1.0,0.0,0.0,0.0,1.0,0.0,0.0,1.0,0.0
65,16,82,3.62,1,146,460.8002858653508,0.0,1.0,0.0,0.0,0.0,1.0,0.0,1.0,0.0,0.0
96,48,11,4.19,0,79,272.4960775620536,0.0,0.0,1.0,1.0,0.0,0.0,0.0,0.0,0.0,1.0
47,9,88,4.06,0,93,246.9535423209308,0.0,1.0,0.0,1.0,0.0,0.0,0.0,0.0,0.0,1.0
20,7,55,4.43,0,153,482.7422075016093,0.0,0.0,1.0,0.0,0.0,1.0,0.0,0.0,0.0,1.0
94,57,13,4.04,0,60,205.495759583372,0.0,1.0,0.0,0.0,1.0,0.0,1.0,0.0,0.0,0.0
52,30,25,3.67,0,142,531.6062153403296,0.0,1.0,0.0,0.0,0.0,1.0,0.0,0.0,0.0,1.0
71,6,48,4.05,0,157,550.9983736824666,0.0,1.0,0.0,1.0,0.0,0.0,1.0,0.0,0.0,0.0
46,8,39,3.97,1,123,396.9586997774456,1.0,0.0,0.0,1.0,0.0,0.0,0.0,1.0,0.0,0.0
53,40,13,3.79,0,118,318.2115758092651,0.0,0.0,1.0,0.0,1.0,0.0,0.0,0.0,0.0,1.0
26,11,97,3.64,0,141,427.0550612068028,0.0,0.0,1.0,0.0,1.0,0.0,0.0,0.0,1.0,0.0
100,46,74,3.74,0,171,448.31285347772814,0.0,1.0,0.0,1.0,0.0,0.0,1.0,0.0,0.0,0.0
74,38,95,5.0,0,167,455.4083398759809,0.0,0.0,1.0,0.0,1.0,0.0,0.0,1.0,0.0,0.0
53,5,100,4.46,1,33,179.17081970350634,1.0,0.0,0.0,1.0,0.0,0.0,0.0,0.0,0.0,1.0
75,63,24,4.18,0,29,104.18588264010208,0.0,0.0,1.0,1.0,0.0,0.0,1.0,0.0,0.0,0.0
44,9,54,4.2,1,13,91.67748868757226,0.0,1.0,0.0,0.0,1.0,0.0,0.0,0.0,1.0,0.0
76,60,81,3.6,1,72,264.08573637935564,0.0,1.0,0.0,0.0,1.0,0.0,0.0,1.0,0.0,0.0
88,18,80,4.83,0,109,424.65693227127065,0.0,1.0,0.0,0.0,0.0,1.0,0.0,1.0,0.0,0.0
54,35,95,4.98,1,61,218.9504185416184,1.0,0.0,0.0,1.0,0.0,0.0,0.0,1.0,0.0,0.0
49,30,7,3.97,1,77,248.1703336422785,0.0,0.0,1.0,0.0,1.0,0.0,1.0,0.0,0.0,0.0
25,8,11,4.0,0,109,422.4367392307234,0.0,0.0,1.0,0.0,0.0,1.0,1.0,0.0,0.0,0.0
36,18,15,4.21,0,86,280.5240756909656,0.0,1.0,0.0,1.0,0.0,0.0,1.0,0.0,0.0,0.0
42,25,44,4.99,1,122,565.9834811108678,0.0,1.0,0.0,0.0,0.0,1.0,0.0,0.0,1.0,0.0
29,14,2,4.69,1,180,828.2131345744126,1.0,0.0,0.0,1.0,0.0,0.0,0.0,0.0,0.0,1.0
52,16,63,4.13,0,49,132.84680584297232,0.0,0.0,1.0,0.0,0.0,1.0,0.0,0.0,1.0,0.0
37,6,59,4.73,0,20,86.17345483820148,1.0,0.0,0.0,1.0,0.0,0.0,0.0,1.0,0.0,0.0
91,17,21,4.84,1,149,545.3868063047398,1.0,0.0,0.0,1.0,0.0,0.0,1.0,0.0,0.0,0.0
29,8,79,4.26,1,133,531.0619846358322,1.0,0.0,0.0,0.0,0.0,1.0,0.0,0.0,1.0,0.0
62,45,87,4.74,1,20,108.6023564641184,1.0,0.0,0.0,0.0,1.0,0.0,1.0,0.0,0.0,0.0
69,7,51,4.56,1,103,462.66304412150464,0.0,0.0,1.0,0.0,1.0,0.0,1.0,0.0,0.0,0.0
32,14,80,3.56,1,80,254.9510771161675,0.0,1.0,0.0,0.0,0.0,1.0,1.0,0.0,0.0,0.0
78,31,6,3.78,1,64,271.0126649576171,0.0,0.0,1.0,1.0,0.0,0.0,0.0,1.0,0.0,0.0
53,10,10,3.58,0,168,424.48842846396354,1.0,0.0,0.0,0.0,0.0,1.0,0.0,1.0,0.0,0.0
60,50,54,4.57,1,38,151.77728650517233,0.0,1.0,0.0,0.0,0.0,1.0,1.0,0.0,0.0,0.0
97,58,1,4.11,1,83,383.0749064097095,0.0,0.0,1.0,1.0,0.0,0.0,0.0,0.0,1.0,0.0
87,77,12,3.56,1,11,97.78450586126137,0.0,0.0,1.0,1.0,0.0,0.0,0.0,0.0,0.0,1.0
74,20,68,4.36,0,32,119.59407325541466,1.0,0.0,0.0,0.0,0.0,1.0,0.0,0.0,0.0,1.0
90,58,1,4.7,1,21,126.57277068445282,0.0,0.0,1.0,1.0,0.0,0.0,1.0,0.0,0.0,0.0
21,8,69,4.24,1,176,829.5343798843528,1.0,0.0,0.0,0.0,1.0,0.0,1.0,0.0,0.0,0.0
70,35,35,4.9,1,108,418.815349545453,0.0,0.0,1.0,0.0,0.0,1.0,0.0,0.0,0.0,1.0
37,7,1,3.92,0,62,233.21310275336955,0.0,1.0,0.0,0.0,1.0,0.0,0.0,1.0,0.0,0.0
30,11,93,3.56,1,155,701.141472496938,1.0,0.0,0.0,1.0,0.0,0.0,0.0,0.0,0.0,1.0
64,22,26,4.24,1,115,388.72966746525947,0.0,0.0,1.0,0.0,1.0,0.0,0.0,1.0,0.0,0.0
40,23,6,3.96,0,178,528.60807288888,0.0,0.0,1.0,0.0,0.0,1.0,0.0,0.0,0.0,1.0
28,18,100,3.62,1,92,382.03843862699455,0.0,0.0,1.0,1.0,0.0,0.0,1.0,0.0,0.0,0.0
85,19,17,3.69,0,164,587.331264277609,1.0,0.0,0.0,1.0,0.0,0.0,0.0,0.0,1.0,0.0
92,77,100,4.26,0,47,167.7398193291184,0.0,0.0,1.0,1.0,0.0,0.0,0.0,0.0,0.0,1.0
93,56,56,4.65,1,86,304.8360144837103,0.0,1.0,0.0,0.0,1.0,0.0,0.0,1.0,0.0,0.0
36,25,26,3.57,0,122,354.1540979676975,1.0,0.0,0.0,0.0,1.0,0.0,1.0,0.0,0.0,0.0
94,50,88,4.95,1,49,250.4603273046531,0.0,1.0,0.0,0.0,1.0,0.0,0.0,0.0,0.0,1.0
27,8,48,4.18,0,167,495.2197782062817,1.0,0.0,0.0,1.0,0.0,0.0,1.0,0.0,0.0,0.0
86,41,96,4.5,1,68,301.5483736351267,1.0,0.0,0.0,0.0,1.0,0.0,0.0,0.0,1.0,0.0
22,11,39,4.63,0,101,433.03454356764814,1.0,0.0,0.0,0.0,1.0,0.0,0.0,1.0,0.0,0.0
95,56,86,3.79,1,147,671.4712089285143,1.0,0.0,0.0,0.0,0.0,1.0,0.0,0.0,1.0,0.0
99,89,63,4.84,0,16,49.71329085631081,0.0,0.0,1.0,0.0,0.0,1.0,1.0,0.0,0.0,0.0
22,8,4,4.84,0,122,408.129769999122,1.0,0.0,0.0,0.0,1.0,0.0,0.0,0.0,1.0,0.0
100,85,59,4.46,0,110,329.4837131421355,0.0,1.0,0.0,0.0,0.0,1.0,0.0,1.0,0.0,0.0
61,38,100,4.34,1,78,383.3178042225475,1.0,0.0,0.0,0.0,0.0,1.0,0.0,1.0,0.0,0.0
33,18,7,4.01,0,105,313.06815696851334,0.0,1.0,0.0,1.0,0.0,0.0,0.0,0.0,0.0,1.0
39,22,63,3.87,1,170,706.6896358975697,1.0,0.0,0.0,1.0,0.0,0.0,0.0,1.0,0.0,0.0
37,5,75,3.88,1,26,142.6153122038585,0.0,0.0,1.0,0.0,0.0,1.0,0.0,1.0,0.0,0.0
95,53,6,4.01,1,158,708.8224028092762,0.0,1.0,0.0,0.0,0.0,1.0,1.0,0.0,0.0,0.0
28,6,54,4.03,1,168,593.065918046481,0.0,1.0,0.0,1.0,0.0,0.0,1.0,0.0,0.0,0.0
66,17,84,4.47,0,139,604.3834014812801,0.0,0.0,1.0,1.0,0.0,0.0,0.0,0.0,0.0,1.0
60,11,18,4.29,0,26,100.2582627032478,0.0,1.0,0.0,1.0,0.0,0.0,0.0,1.0,0.0,0.0
94,34,99,4.54,1,155,685.7612504810801,0.0,1.0,0.0,1.0,0.0,0.0,1.0,0.0,0.0,0.0
63,12,54,4.47,1,140,446.41301231617626,0.0,0.0,1.0,0.0,0.0,1.0,0.0,1.0,0.0,0.0
38,8,59,4.44,1,75,291.107936848218,0.0,1.0,0.0,0.0,0.0,1.0,0.0,0.0,0.0,1.0
35,21,13,4.14,1,36,193.64239387562827,0.0,1.0,0.0,0.0,0.0,1.0,0.0,0.0,1.0,0.0
83,64,78,4.01,0,109,304.52612995371493,0.0,1.0,0.0,1.0,0.0,0.0,0.0,1.0,0.0,0.0
62,14,33,4.23,1,85,386.834933294766,1.0,0.0,0.0,0.0,0.0,1.0,0.0,0.0,1.0,0.0
88,48,52,4.52,0,92,230.83258579661484,0.0,0.0,1.0,1.0,0.0,0.0,0.0,0.0,0.0,1.0
68,11,89,3.66,0,93,333.9106726820272,1.0,0.0,0.0,0.0,0.0,1.0,0.0,1.0,0.0,0.0
84,64,34,4.13,1,99,353.8098038704909,0.0,0.0,1.0,0.0,1.0,0.0,0.0,1.0,0.0,0.0
40,10,60,3.87,1,79,293.19813425701705,0.0,0.0,1.0,0.0,1.0,0.0,0.0,0.0,0.0,1.0
93,20,38,4.78,1,144,447.083068843808,0.0,0.0,1.0,0.0,1.0,0.0,1.0,0.0,0.0,0.0
57,44,78,3.53,0,153,584.888884974888,0.0,0.0,1.0,1.0,0.0,0.0,0.0,1.0,0.0,0.0
67,16,24,4.52,1,150,488.1872511532145,0.0,1.0,0.0,1.0,0.0,0.0,0.0,1.0,0.0,0.0
68,16,91,4.49,0,77,246.7577555097292,0.0,0.0,1.0,0.0,0.0,1.0,0.0,0.0,0.0,1.0
38,22,60,3.6,1,104,312.1731588463509,0.0,0.0,1.0,1.0,0.0,0.0,0.0,0.0,1.0,0.0
49,28,61,3.9,1,172,576.281119337865,0.0,0.0,1.0,0.0,0.0,1.0,0.0,1.0,0.0,0.0
98,59,55,4.6,0,100,381.391205400882,0.0,0.0,1.0,0.0,1.0,0.0,0.0,0.0,1.0,0.0
47,9,38,4.06,0,141,543.7702542024564,0.0,1.0,0.0,1.0,0.0,0.0,0.0,0.0,1.0,0.0
27,11,97,4.78,1,137,472.5224037960476,0.0,0.0,1.0,0.0,1.0,0.0,0.0,1.0,0.0,0.0
59,29,68,4.4,1,88,286.05897011629656,0.0,0.0,1.0,0.0,1.0,0.0,0.0,0.0,0.0,1.0
56,20,74,4.05,0,25,88.95619552388446,0.0,0.0,1.0,0.0,1.0,0.0,0.0,1.0,0.0,0.0
50,39,62,3.95,1,135,646.9811778631195,0.0,0.0,1.0,1.0,0.0,0.0,0.0,0.0,1.0,0.0
93,37,37,4.75,0,76,292.9246564000302,0.0,0.0,1.0,1.0,0.0,0.0,0.0,0.0,0.0,1.0
46,22,97,3.51,0,100,395.769846813748,1.0,0.0,0.0,0.0,1.0,0.0,0.0,0.0,1.0,0.0
56,19,16,4.46,1,86,279.6798100890559,0.0,1.0,0.0,0.0,0.0,1.0,0.0,1.0,0.0,0.0
37,16,8,4.5,0,46,192.50297743378897,0.0,1.0,0.0,1.0,0.0,0.0,0.0,1.0,0.0,0.0
85,58,85,4.1,1,92,351.77029329216225,0.0,0.0,1.0,0.0,1.0,0.0,0.0,0.0,0.0,1.0
27,7,89,3.6,1,120,555.4019371049674,0.0,0.0,1.0,0.0,1.0,0.0,0.0,0.0,1.0,0.0
44,16,31,3.96,1,122,395.3781570382596,1.0,0.0,0.0,0.0,0.0,1.0,0.0,0.0,0.0,1.0
75,51,68,3.65,1,66,261.5103067801241,0.0,1.0,0.0,0.0,1.0,0.0,1.0,0.0,0.0,0.0
21,11,46,3.84,0,103,397.5648404411393,0.0,0.0,1.0,1.0,0.0,0.0,0.0,0.0,1.0,0.0
42,29,67,4.59,1,153,735.2764383329761,0.0,1.0,0.0,0.0,0.0,1.0,0.0,0.0,1.0,0.0
25,15,100,4.9,1,94,289.4570095389695,0.0,1.0,0.0,0.0,0.0,1.0,0.0,0.0,0.0,1.0
67,46,92,4.72,0,32,97.6750013649232,0.0,1.0,0.0,0.0,1.0,0.0,0.0,0.0,1.0,0.0
29,6,24,4.37,0,50,197.46392160702555,0.0,1.0,0.0,0.0,0.0,1.0,1.0,0.0,0.0,0.0
100,70,42,4.9,1,167,762.8822843495781,0.0,0.0,1.0,1.0,0.0,0.0,0.0,0.0,0.0,1.0
37,10,27,4.26,0,143,512.44939271165,0.0,1.0,0.0,1.0,0.0,0.0,1.0,0.0,0.0,0.0
31,14,37,4.3,1,103,484.4661863877365,0.0,0.0,1.0,1.0,0.0,0.0,0.0,0.0,0.0,1.0
49,12,30,4.37,1,84,353.01840875622844,0.0,1.0,0.0,0.0,0.0,1.0,1.0,0.0,0.0,0.0
42,19,56,4.84,1,144,539.7316715337728,1.0,0.0,0.0,0.0,1.0,0.0,0.0,1.0,0.0,0.0
61,5,48,4.15,0,29,114.16365482248573,1.0,0.0,0.0,0.0,1.0,0.0,0.0,0.0,1.0,0.0
24,7,85,4.36,0,169,521.4080460440558,0.0,1.0,0.0,1.0,0.0,0.0,0.0,0.0,0.0,1.0
20,10,18,4.28,1,123,450.3878805106937,1.0,0.0,0.0,0.0,1.0,0.0,0.0,1.0,0.0,0.0
22,9,36,4.51,1,10,82.69156896202661,0.0,0.0,1.0,0.0,0.0,1.0,0.0,1.0,0.0,0.0
98,87,59,4.26,0,13,34.57409278115731,0.0,1.0,0.0,0.0,1.0,0.0,1.0,0.0,0.0,0.0
30,14,64,4.45,0,147,535.1718879088473,0.0,0.0,1.0,0.0,0.0,1.0,1.0,0.0,0.0,0.0
32,13,75,4.56,1,111,333.4011668412356,0.0,0.0,1.0,0.0,1.0,0.0,0.0,1.0,0.0,0.0
22,12,49,4.88,1,35,179.8388198801664,0.0,0.0,1.0,0.0,0.0,1.0,0.0,0.0,0.0,1.0
62,8,13,4.2,1,65,241.9912178461052,0.0,0.0,1.0,0.0,0.0,1.0,0.0,0.0,0.0,1.0
51,27,8,4.31,0,92,369.3803924019288,0.0,0.0,1.0,1.0,0.0,0.0,0.0,0.0,0.0,1.0
85,74,82,3.92,1,177,704.3001292247022,0.0,1.0,0.0,0.0,1.0,0.0,0.0,1.0,0.0,0.0
28,9,26,3.95,1,114,466.9720738288303,0.0,0.0,1.0,0.0,0.0,1.0,0.0,0.0,0.0,1.0
93,70,21,3.81,0,12,41.12164471941277,0.0,1.0,0.0,0.0,0.0,1.0,0.0,1.0,0.0,0.0
36,9,53,4.46,1,127,404.02979977887577,0.0,1.0,0.0,0.0,0.0,1.0,0.0,0.0,0.0,1.0
80,22,17,4.4,0,141,423.75441798529033,1.0,0.0,0.0,1.0,0.0,0.0,0.0,0.0,1.0,0.0
60,24,18,4.16,1,45,165.72466245477892,1.0,0.0,0.0,0.0,1.0,0.0,0.0,0.0,1.0,0.0
97,45,90,3.71,1,151,578.8213877560842,0.0,0.0,1.0,0.0,0.0,1.0,0.0,0.0,1.0,0.0
53,14,24,3.99,1,161,707.4493979183783,0.0,1.0,0.0,0.0,0.0,1.0,1.0,0.0,0.0,0.0
79,22,53,3.96,1,126,542.8095730212775,1.0,0.0,0.0,0.0,0.0,1.0,0.0,1.0,0.0,0.0
44,24,55,4.08,1,137,513.9900766589533,0.0,0.0,1.0,0.0,0.0,1.0,1.0,0.0,0.0,0.0
34,12,3,4.83,1,62,298.3556200090825,0.0,1.0,0.0,0.0,1.0,0.0,0.0,0.0,0.0,1.0
55,12,96,4.66,1,48,183.2701656673754,0.0,0.0,1.0,0.0,0.0,1.0,0.0,0.0,1.0,0.0
49,29,35,4.8,1,160,468.3069201504469,0.0,1.0,0.0,0.0,1.0,0.0,0.0,1.0,0.0,0.0
72,54,68,3.85,0,74,220.4983368386397,1.0,0.0,0.0,0.0,1.0,0.0,1.0,0.0,0.0,0.0
72,27,76,3.97,1,70,265.94661511348426,0.0,0.0,1.0,1.0,0.0,0.0,0.0,0.0,1.0,0.0
99,6,49,4.32,0,113,311.4894374116108,0.0,1.0,0.0,1.0,0.0,0.0,1.0,0.0,0.0,0.0
21,10,22,4.42,0,151,647.8477765247827,1.0,0.0,0.0,0.0,1.0,0.0,0.0,0.0,1.0,0.0
50,25,89,4.74,0,107,383.9141419544756,0.0,0.0,1.0,0.0,0.0,1.0,1.0,0.0,0.0,0.0
61,35,4,4.77,1,115,557.916185756397,1.0,0.0,0.0,0.0,0.0,1.0,0.0,0.0,1.0,0.0
24,5,57,4.96,1,70,228.7960083986281,1.0,0.0,0.0,0.0,0.0,1.0,0.0,0.0,0.0,1.0
31,17,71,4.46,1,55,237.76862211931405,1.0,0.0,0.0,0.0,0.0,1.0,0.0,1.0,0.0,0.0
35,20,62,3.55,0,117,297.0874038526085,0.0,1.0,0.0,0.0,1.0,0.0,1.0,0.0,0.0,0.0
74,30,97,3.9,0,179,794.3231511066332,0.0,0.0,1.0,0.0,1.0,0.0,0.0,1.0,0.0,0.0
94,61,12,4.95,1,133,563.8497971641384,0.0,0.0,1.0,0.0,1.0,0.0,0.0,1.0,0.0,0.0
44,11,31,3.92,1,110,339.2870734791633,1.0,0.0,0.0,0.0,0.0,1.0,1.0,0.0,0.0,0.0
84,37,3,3.83,1,69,248.9476553705649,0.0,0.0,1.0,1.0,0.0,0.0,0.0,1.0,0.0,0.0
27,12,39,4.51,1,55,279.2686999169939,0.0,1.0,0.0,0.0,1.0,0.0,0.0,0.0,1.0,0.0
59,36,43,3.74,1,25,145.04223833476908,0.0,1.0,0.0,0.0,1.0,0.0,0.0,1.0,0.0,0.0
82,20,59,3.99,1,45,241.8259564507362,0.0,0.0,1.0,0.0,1.0,0.0,0.0,0.0,0.0,1.0
24,10,24,4.09,1,97,430.60985477056624,0.0,0.0,1.0,1.0,0.0,0.0,0.0,0.0,1.0,0.0
84,67,48,4.87,0,81,219.99370680056552,0.0,1.0,0.0,0.0,1.0,0.0,0.0,0.0,0.0,1.0
52,9,24,4.19,0,102,366.7282586383836,0.0,1.0,0.0,0.0,1.0,0.0,0.0,0.0,1.0,0.0
38,12,44,4.85,0,110,356.8814026432877,1.0,0.0,0.0,0.0,0.0,1.0,0.0,1.0,0.0,0.0
26,12,80,4.27,0,134,441.4714772887345,0.0,0.0,1.0,0.0,1.0,0.0,1.0,0.0,0.0,0.0
61,39,82,4.49,1,46,230.1431447581205,0.0,1.0,0.0,0.0,1.0,0.0,0.0,0.0,1.0,0.0
87,41,97,4.27,1,37,158.89198003545,1.0,0.0,0.0,1.0,0.0,0.0,1.0,0.0,0.0,0.0
98,46,55,4.71,0,173,766.9193242115463,0.0,1.0,0.0,1.0,0.0,0.0,0.0,1.0,0.0,0.0
24,13,54,4.09,0,161,466.7229822330101,0.0,0.0,1.0,0.0,0.0,1.0,0.0,0.0,1.0,0.0
44,8,43,3.82,0,86,233.50662384935427,0.0,0.0,1.0,1.0,0.0,0.0,0.0,0.0,0.0,1.0
71,59,71,4.47,0,31,104.1037337805616,0.0,0.0,1.0,0.0,1.0,0.0,0.0,1.0,0.0,0.0
91,59,68,4.77,0,15,38.33576819209958,0.0,0.0,1.0,0.0,0.0,1.0,0.0,0.0,0.0,1.0
32,14,75,4.49,0,177,761.0167600703148,0.0,0.0,1.0,1.0,0.0,0.0,0.0,0.0,0.0,1.0
79,24,0,4.26,0,82,284.8625062809567,0.0,0.0,1.0,0.0,0.0,1.0,0.0,1.0,0.0,0.0
73,27,55,4.27,1,50,216.06019585156733,0.0,0.0,1.0,0.0,1.0,0.0,0.0,0.0,1.0,0.0
32,16,80,4.78,0,11,39.37370119886104,1.0,0.0,0.0,0.0,0.0,1.0,0.0,0.0,1.0,0.0
22,10,5,4.44,1,129,471.7821019342959,1.0,0.0,0.0,0.0,0.0,1.0,0.0,0.0,1.0,0.0
35,19,45,4.99,0,159,508.6730024657942,0.0,0.0,1.0,0.0,0.0,1.0,1.0,0.0,0.0,0.0
24,10,79,4.3,0,24,95.11851081754354,0.0,1.0,0.0,0.0,1.0,0.0,0.0,0.0,0.0,1.0
67,31,64,3.62,0,169,735.1444900755255,1.0,0.0,0.0,1.0,0.0,0.0,0.0,0.0,0.0,1.0
100,73,95,3.98,1,100,456.60307303079816,0.0,0.0,1.0,0.0,0.0,1.0,0.0,0.0,0.0,1.0
66,16,94,4.52,0,34,122.24187517858556,0.0,0.0,1.0,0.0,0.0,1.0,0.0,0.0,1.0,0.0
96,36,57,4.06,1,139,599.8171406236374,0.0,0.0,1.0,0.0,1.0,0.0,0.0,1.0,0.0,0.0
60,8,68,4.84,1,144,438.5186068324803,0.0,0.0,1.0,0.0,1.0,0.0,0.0,0.0,1.0,0.0
92,31,54,3.91,1,148,516.1330392078827,1.0,0.0,0.0,0.0,0.0,1.0,0.0,0.0,0.0,1.0
92,49,9,4.23,1,89,397.4831040703401,0.0,0.0,1.0,0.0,0.0,1.0,0.0,1.0,0.0,0.0
56,37,27,4.12,1,68,317.8400260939533,0.0,0.0,1.0,0.0,0.0,1.0,1.0,0.0,0.0,0.0
88,71,42,4.87,1,109,330.78364034759613,1.0,0.0,0.0,0.0,1.0,0.0,1.0,0.0,0.0,0.0
87,47,6,4.54,1,162,743.3166378180009,1.0,0.0,0.0,0.0,0.0,1.0,0.0,0.0,1.0,0.0
85,6,92,4.11,0,73,274.1712773124912,0.0,1.0,0.0,1.0,0.0,0.0,1.0,0.0,0.0,0.0
98,54,34,4.57,1,113,462.4075929220183,1.0,0.0,0.0,0.0,1.0,0.0,0.0,1.0,0.0,0.0
28,14,24,4.2,0,147,533.0802632142761,1.0,0.0,0.0,0.0,1.0,0.0,1.0,0.0,0.0,0.0
36,9,22,3.51,1,37,143.2178421949143,0.0,1.0,0.0,0.0,0.0,1.0,0.0,0.0,0.0,1.0
20,8,38,4.82,1,155,574.9456425421428,0.0,1.0,0.0,0.0,0.0,1.0,0.0,0.0,0.0,1.0
94,36,41,4.57,0,76,215.741761640662,1.0,0.0,0.0,0.0,1.0,0.0,0.0,0.0,1.0,0.0
94,82,48,4.92,1,20,129.7685299495176,0.0,1.0,0.0,1.0,0.0,0.0,0.0,0.0,1.0,0.0
70,7,13,4.09,0,117,321.0007657787772,0.0,0.0,1.0,0.0,1.0,0.0,1.0,0.0,0.0,0.0
90,71,37,3.51,1,32,172.59277503910292,0.0,1.0,0.0,0.0,1.0,0.0,0.0,0.0,1.0,0.0
42,10,56,4.01,1,95,455.20978516158993,0.0,0.0,1.0,0.0,0.0,1.0,0.0,0.0,0.0,1.0
44,18,88,3.67,1,50,199.8397440906976,0.0,1.0,0.0,1.0,0.0,0.0,0.0,0.0,0.0,1.0
60,16,28,3.91,0,105,281.0970650985199,0.0,1.0,0.0,0.0,1.0,0.0,0.0,1.0,0.0,0.0
26,5,7,4.75,1,140,413.54800185803066,1.0,0.0,0.0,0.0,0.0,1.0,1.0,0.0,0.0,0.0
79,13,6,4.63,0,38,134.09432585149492,1.0,0.0,0.0,0.0,1.0,0.0,1.0,0.0,0.0,0.0
26,8,65,3.58,1,89,378.50396161301137,1.0,0.0,0.0,1.0,0.0,0.0,0.0,0.0,0.0,1.0
62,7,2,4.71,1,28,162.05358553352147,0.0,0.0,1.0,0.0,0.0,1.0,0.0,0.0,1.0,0.0
42,16,33,3.63,0,166,513.1161277813304,1.0,0.0,0.0,1.0,0.0,0.0,0.0,0.0,1.0,0.0
57,16,0,3.95,0,97,308.6385554813678,0.0,0.0,1.0,0.0,1.0,0.0,1.0,0.0,0.0,0.0
33,13,34,4.78,0,66,239.08854651007988,1.0,0.0,0.0,1.0,0.0,0.0,0.0,0.0,1.0,0.0
22,10,26,4.97,0,170,562.1650160715976,1.0,0.0,0.0,0.0,1.0,0.0,0.0,0.0,1.0,0.0
67,44,27,4.69,0,129,467.0198948894929,0.0,0.0,1.0,0.0,1.0,0.0,0.0,0.0,1.0,0.0
62,15,15,4.28,0,73,327.43334173812747,0.0,1.0,0.0,0.0,0.0,1.0,0.0,0.0,0.0,1.0
95,49,92,4.27,1,99,332.0936161256213,1.0,0.0,0.0,0.0,1.0,0.0,0.0,0.0,0.0,1.0
61,36,72,4.64,1,109,457.0853188522962,0.0,0.0,1.0,0.0,0.0,1.0,0.0,0.0,0.0,1.0
48,12,25,4.26,0,180,552.8162271192283,1.0,0.0,0.0,0.0,0.0,1.0,0.0,0.0,0.0,1.0
93,59,30,4.11,1,89,281.0521288708149,1.0,0.0,0.0,0.0,1.0,0.0,1.0,0.0,0.0,0.0
59,18,67,3.86,0,98,288.3451530321269,0.0,0.0,1.0,1.0,0.0,0.0,0.0,0.0,1.0,0.0
95,73,20,3.59,1,138,666.8242060496077,0.0,0.0,1.0,0.0,1.0,0.0,0.0,1.0,0.0,0.0
71,33,4,4.88,1,109,436.0192372930386,0.0,1.0,0.0,0.0,1.0,0.0,0.0,1.0,0.0,0.0
20,7,71,3.83,1,51,248.22030676592635,0.0,1.0,0.0,1.0,0.0,0.0,0.0,0.0,1.0,0.0
23,7,96,3.97,1,165,493.2338839519256,0.0,0.0,1.0,1.0,0.0,0.0,1.0,0.0,0.0,0.0
80,69,94,4.44,0,74,291.5110820764234,0.0,1.0,0.0,0.0,0.0,1.0,0.0,0.0,0.0,1.0
58,10,51,4.27,1,138,459.0606514814432,0.0,0.0,1.0,1.0,0.0,0.0,0.0,0.0,0.0,1.0
71,25,72,4.46,0,169,603.9358824371426,0.0,0.0,1.0,1.0,0.0,0.0,0.0,1.0,0.0,0.0
69,26,48,4.28,1,175,502.6040622268877,1.0,0.0,0.0,1.0,0.0,0.0,0.0,1.0,0.0,0.0
89,54,48,4.38,0,24,74.78832688768996,0.0,1.0,0.0,1.0,0.0,0.0,1.0,0.0,0.0,0.0
84,62,52,4.61,0,29,126.23081147979764,0.0,0.0,1.0,0.0,0.0,1.0,1.0,0.0,0.0,0.0
98,61,91,4.28,0,95,319.94237960548924,0.0,0.0,1.0,0.0,0.0,1.0,0.0,0.0,0.0,1.0
95,25,26,3.62,0,81,207.61291922267668,0.0,0.0,1.0,1.0,0.0,0.0,0.0,0.0,1.0,0.0
79,29,29,4.22,0,99,304.74417790488224,1.0,0.0,0.0,0.0,0.0,1.0,0.0,0.0,0.0,1.0
82,10,97,4.43,0,177,481.7658793191911,0.0,0.0,1.0,0.0,0.0,1.0,0.0,0.0,0.0,1.0
87,5,6,3.76,0,28,83.3353748167845,1.0,0.0,0.0,1.0,0.0,0.0,0.0,1.0,0.0,0.0
83,35,3,4.32,1,116,513.6451022177532,1.0,0.0,0.0,1.0,0.0,0.0,0.0,0.0,0.0,1.0
47,9,5,4.81,1,178,561.374877548703,1.0,0.0,0.0,0.0,1.0,0.0,0.0,0.0,0.0,1.0
34,7,54,4.71,1,149,516.51117285383,0.0,0.0,1.0,0.0,0.0,1.0,0.0,0.0,0.0,1.0
26,13,14,4.19,0,174,666.4286805847338,1.0,0.0,0.0,0.0,1.0,0.0,0.0,0.0,1.0,0.0
88,7,11,3.64,1,130,573.2085393656391,1.0,0.0,0.0,1.0,0.0,0.0,0.0,0.0,0.0,1.0
57,26,92,3.8,1,67,283.7979251507492,1.0,0.0,0.0,0.0,1.0,0.0,0.0,1.0,0.0,0.0
45,17,67,4.7,0,15,66.78323718712389,1.0,0.0,0.0,0.0,0.0,1.0,1.0,0.0,0.0,0.0
82,26,35,4.71,0,114,289.2390324634591,0.0,0.0,1.0,1.0,0.0,0.0,0.0,0.0,1.0,0.0
54,39,88,4.59,0,42,147.42638660593482,1.0,0.0,0.0,1.0,0.0,0.0,0.0,1.0,0.0,0.0
95,24,79,3.5,0,130,552.2304431046015,0.0,1.0,0.0,1.0,0.0,0.0,1.0,0.0,0.0,0.0
63,31,2,3.81,1,160,632.5601419476765,0.0,1.0,0.0,0.0,0.0,1.0,0.0,1.0,0.0,0.0
43,18,58,4.22,0,156,494.7452574847764,0.0,0.0,1.0,1.0,0.0,0.0,0.0,1.0,0.0,0.0
33,14,87,4.81,1,17,118.98653335805044,0.0,1.0,0.0,0.0,1.0,0.0,0.0,1.0,0.0,0.0
33,23,24,4.21,1,11,91.38952597435124,0.0,0.0,1.0,1.0,0.0,0.0,0.0,0.0,1.0,0.0
84,29,92,4.55,1,94,424.1559867017463,0.0,0.0,1.0,0.0,1.0,0.0,0.0,0.0,1.0,0.0
44,6,80,4.13,1,40,157.36483032789283,0.0,1.0,0.0,1.0,0.0,0.0,0.0,0.0,0.0,1.0
53,27,78,3.63,1,58,279.09504825213924,0.0,1.0,0.0,0.0,1.0,0.0,0.0,0.0,0.0,1.0
78,63,14,4.21,0,147,655.065105532243,1.0,0.0,0.0,1.0,0.0,0.0,1.0,0.0,0.0,0.0
